sku_id,vendor_id,market_id,price,currency,price_per_unit,unit_of_measure,geographic_region,effective_date,expiration_date,confidence_score,data_source,is_verified
FLO-0001,VENDOR-002,MARKET-NE-001,12.59,USD,12.59,each,Northeast,2025-11-01,,0.91,api,False
FLO-0001,VENDOR-002,MARKET-WE-001,11.29,USD,11.29,each,West,2025-11-16,,0.83,api,False
FLO-0001,VENDOR-005,MARKET-WE-001,10.58,USD,10.58,each,West,2025-10-31,,0.86,csv_import,True
FLO-0001,VENDOR-004,MARKET-SE-001,10.46,USD,10.46,each,Southeast,2025-10-30,,0.92,manual,True
FLO-0001,VENDOR-001,MARKET-WE-001,9.7,USD,9.7,each,West,2025-11-10,,0.85,api,True
FLO-0001,VENDOR-001,MARKET-NE-001,12.89,USD,12.89,each,Northeast,2025-10-31,,0.83,api,False
FLO-0001,VENDOR-003,MARKET-WE-001,11.12,USD,11.12,each,West,2025-11-07,,0.86,manual,True
FLO-0001,VENDOR-003,MARKET-SE-001,10.34,USD,10.34,each,Southeast,2025-11-18,,0.91,manual,True
FLO-0002,VENDOR-004,MARKET-SE-001,8.33,USD,8.33,each,Southeast,2025-11-08,,0.85,manual,False
FLO-0002,VENDOR-004,MARKET-WE-001,11.82,USD,11.82,each,West,2025-11-13,,0.77,api,False
FLO-0002,VENDOR-005,MARKET-WE-001,11.13,USD,11.13,each,West,2025-11-15,,0.76,manual,True
FLO-0002,VENDOR-001,MARKET-NE-001,12.4,USD,12.4,each,Northeast,2025-11-11,,0.96,manual,False
FLO-0002,VENDOR-001,MARKET-SE-001,7.54,USD,7.54,each,Southeast,2025-11-01,,0.89,api,False
FLO-0002,VENDOR-001,MARKET-WE-001,10.13,USD,10.13,each,West,2025-11-09,,0.95,csv_import,False
FLO-0003,VENDOR-005,MARKET-WE-001,7.49,USD,7.49,each,West,2025-11-07,,0.97,csv_import,False
FLO-0003,VENDOR-005,MARKET-SE-001,8.37,USD,8.37,each,Southeast,2025-11-10,,0.77,manual,True
FLO-0003,VENDOR-005,MARKET-NE-001,7.33,USD,7.33,each,Northeast,2025-11-04,,0.84,csv_import,True
FLO-0003,VENDOR-002,MARKET-SE-001,8.1,USD,8.1,each,Southeast,2025-10-31,,0.96,api,False
FLO-0003,VENDOR-002,MARKET-WE-001,8.96,USD,8.96,each,West,2025-11-06,,0.86,csv_import,True
FLO-0003,VENDOR-004,MARKET-SE-001,6.42,USD,6.42,each,Southeast,2025-11-09,,0.85,csv_import,True
FLO-0003,VENDOR-004,MARKET-WE-001,8.72,USD,8.72,each,West,2025-11-07,,0.76,csv_import,True
FLO-0003,VENDOR-001,MARKET-NE-001,8.16,USD,8.16,each,Northeast,2025-11-22,,0.78,csv_import,False
FLO-0004,VENDOR-001,MARKET-NE-001,5.33,USD,5.33,each,Northeast,2025-11-14,,0.88,manual,True
FLO-0004,VENDOR-001,MARKET-WE-001,4.3,USD,4.3,each,West,2025-10-30,,0.85,csv_import,True
FLO-0004,VENDOR-004,MARKET-WE-001,5.66,USD,5.66,each,West,2025-11-11,,0.82,csv_import,False
FLO-0004,VENDOR-004,MARKET-SE-001,4.32,USD,4.32,each,Southeast,2025-11-17,,0.86,manual,True
FLO-0004,VENDOR-003,MARKET-SE-001,5.23,USD,5.23,each,Southeast,2025-11-16,,0.85,api,True
FLO-0005,VENDOR-003,MARKET-WE-001,4.58,USD,4.58,each,West,2025-11-04,,0.97,csv_import,True
FLO-0005,VENDOR-002,MARKET-NE-001,3.22,USD,3.22,each,Northeast,2025-11-17,,0.79,manual,False
FLO-0005,VENDOR-002,MARKET-WE-001,5.54,USD,5.54,each,West,2025-11-12,,0.93,manual,True
FLO-0005,VENDOR-002,MARKET-SE-001,4.68,USD,4.68,each,Southeast,2025-11-18,,0.99,csv_import,True
FLO-0005,VENDOR-004,MARKET-SE-001,2.56,USD,2.56,each,Southeast,2025-11-07,,0.94,manual,False
FLO-0005,VENDOR-004,MARKET-NE-001,4.29,USD,4.29,each,Northeast,2025-11-12,,0.76,csv_import,True
FLO-0005,VENDOR-004,MARKET-WE-001,3.15,USD,3.15,each,West,2025-11-25,,0.77,manual,True
FLO-0005,VENDOR-001,MARKET-WE-001,4.21,USD,4.21,each,West,2025-11-18,,0.8,manual,True
FLO-0005,VENDOR-001,MARKET-NE-001,3.17,USD,3.17,each,Northeast,2025-11-01,,0.94,csv_import,True
FLO-0006,VENDOR-005,MARKET-WE-001,3.43,USD,3.43,each,West,2025-11-14,,0.9,csv_import,True
FLO-0006,VENDOR-002,MARKET-SE-001,3.88,USD,3.88,each,Southeast,2025-10-30,,0.94,manual,True
FLO-0006,VENDOR-002,MARKET-WE-001,3.18,USD,3.18,each,West,2025-11-10,,0.82,manual,True
FLO-0006,VENDOR-001,MARKET-NE-001,3.85,USD,3.85,each,Northeast,2025-11-09,,0.82,manual,True
FLO-0006,VENDOR-001,MARKET-SE-001,2.91,USD,2.91,each,Southeast,2025-11-28,,0.77,manual,True
FLO-0006,VENDOR-001,MARKET-WE-001,4.62,USD,4.62,each,West,2025-11-19,,0.92,manual,True
FLO-0007,VENDOR-001,MARKET-SE-001,3.21,USD,3.21,each,Southeast,2025-11-22,,0.87,api,True
FLO-0007,VENDOR-001,MARKET-NE-001,2.06,USD,2.06,each,Northeast,2025-11-23,,0.77,manual,True
FLO-0007,VENDOR-004,MARKET-NE-001,3.01,USD,3.01,each,Northeast,2025-11-03,,0.95,manual,True
FLO-0007,VENDOR-004,MARKET-SE-001,1.75,USD,1.75,each,Southeast,2025-11-11,,0.84,manual,False
FLO-0007,VENDOR-004,MARKET-WE-001,2.59,USD,2.59,each,West,2025-11-21,,0.94,api,True
FLO-0007,VENDOR-003,MARKET-SE-001,2.28,USD,2.28,each,Southeast,2025-11-12,,0.86,csv_import,True
FLO-0007,VENDOR-003,MARKET-NE-001,2.89,USD,2.89,each,Northeast,2025-11-03,,0.95,manual,False
FLO-0007,VENDOR-002,MARKET-NE-001,3.82,USD,3.82,each,Northeast,2025-11-01,,0.92,manual,True
FLO-0007,VENDOR-002,MARKET-SE-001,2.06,USD,2.06,each,Southeast,2025-11-06,,0.86,manual,False
FLO-0007,VENDOR-005,MARKET-NE-001,3.84,USD,3.84,each,Northeast,2025-11-27,,0.76,api,True
FLO-0007,VENDOR-005,MARKET-WE-001,2.47,USD,2.47,each,West,2025-10-31,,0.84,api,True
FLO-0008,VENDOR-003,MARKET-SE-001,7.45,USD,7.45,each,Southeast,2025-11-24,,0.78,manual,True
FLO-0008,VENDOR-002,MARKET-NE-001,7.02,USD,7.02,each,Northeast,2025-11-15,,0.98,manual,True
FLO-0008,VENDOR-002,MARKET-WE-001,5.79,USD,5.79,each,West,2025-11-07,,0.78,api,True
FLO-0008,VENDOR-002,MARKET-SE-001,7.08,USD,7.08,each,Southeast,2025-11-01,,0.95,csv_import,True
FLO-0008,VENDOR-001,MARKET-WE-001,7.07,USD,7.07,each,West,2025-11-02,,0.82,api,True
FLO-0009,VENDOR-005,MARKET-WE-001,4.71,USD,4.71,each,West,2025-11-14,,0.94,manual,True
FLO-0009,VENDOR-005,MARKET-NE-001,6.01,USD,6.01,each,Northeast,2025-11-18,,0.84,csv_import,False
FLO-0009,VENDOR-005,MARKET-SE-001,4.05,USD,4.05,each,Southeast,2025-11-09,,0.81,manual,True
FLO-0009,VENDOR-004,MARKET-WE-001,4.64,USD,4.64,each,West,2025-11-24,,0.9,manual,True
FLO-0009,VENDOR-004,MARKET-SE-001,5.97,USD,5.97,each,Southeast,2025-11-23,,0.78,manual,True
FLO-0009,VENDOR-004,MARKET-NE-001,6.11,USD,6.11,each,Northeast,2025-10-30,,0.94,api,True
FLO-0009,VENDOR-001,MARKET-WE-001,7.82,USD,7.82,each,West,2025-11-06,,0.76,manual,False
FLO-0009,VENDOR-001,MARKET-SE-001,5.07,USD,5.07,each,Southeast,2025-11-25,,0.91,csv_import,False
FLO-0010,VENDOR-004,MARKET-SE-001,4.57,USD,4.57,each,Southeast,2025-11-27,,0.94,csv_import,True
FLO-0010,VENDOR-004,MARKET-NE-001,6.12,USD,6.12,each,Northeast,2025-11-17,,0.99,api,True
FLO-0010,VENDOR-005,MARKET-NE-001,4.71,USD,4.71,each,Northeast,2025-11-12,,0.89,csv_import,False
FLO-0010,VENDOR-005,MARKET-WE-001,5.05,USD,5.05,each,West,2025-11-21,,0.96,csv_import,True
FLO-0010,VENDOR-003,MARKET-SE-001,3.2,USD,3.2,each,Southeast,2025-11-09,,0.87,manual,True
FLO-0010,VENDOR-003,MARKET-NE-001,7.06,USD,7.06,each,Northeast,2025-11-17,,0.91,csv_import,False
FLO-0010,VENDOR-002,MARKET-NE-001,6.57,USD,6.57,each,Northeast,2025-11-10,,0.98,api,True
BUI-0011,VENDOR-004,MARKET-NE-001,13.12,USD,13.12,each,Northeast,2025-11-28,,0.78,manual,False
BUI-0011,VENDOR-004,MARKET-SE-001,12.78,USD,12.78,each,Southeast,2025-11-01,,0.81,csv_import,True
BUI-0011,VENDOR-004,MARKET-WE-001,12.54,USD,12.54,each,West,2025-11-20,,0.97,csv_import,False
BUI-0011,VENDOR-003,MARKET-NE-001,15.04,USD,15.04,each,Northeast,2025-11-12,,0.99,manual,True
BUI-0011,VENDOR-002,MARKET-WE-001,15.22,USD,15.22,each,West,2025-11-07,,0.96,api,True
BUI-0011,VENDOR-002,MARKET-SE-001,14.36,USD,14.36,each,Southeast,2025-11-23,,0.84,api,False
BUI-0011,VENDOR-005,MARKET-NE-001,13.04,USD,13.04,each,Northeast,2025-11-09,,0.88,csv_import,True
BUI-0011,VENDOR-001,MARKET-NE-001,14.34,USD,14.34,each,Northeast,2025-11-21,,0.86,csv_import,True
BUI-0011,VENDOR-001,MARKET-WE-001,14.9,USD,14.9,each,West,2025-11-08,,0.9,csv_import,True
BUI-0011,VENDOR-001,MARKET-SE-001,11.56,USD,11.56,each,Southeast,2025-11-24,,0.94,manual,True
BUI-0012,VENDOR-004,MARKET-NE-001,59.44,USD,59.44,each,Northeast,2025-11-05,,0.83,manual,True
BUI-0012,VENDOR-004,MARKET-SE-001,57.8,USD,57.8,each,Southeast,2025-11-18,,0.98,csv_import,False
BUI-0012,VENDOR-004,MARKET-WE-001,57.25,USD,57.25,each,West,2025-11-14,,0.9,manual,True
BUI-0012,VENDOR-001,MARKET-NE-001,69.82,USD,69.82,each,Northeast,2025-11-17,,0.83,manual,False
BUI-0012,VENDOR-005,MARKET-NE-001,54.56,USD,54.56,each,Northeast,2025-11-16,,0.81,api,True
BUI-0013,VENDOR-005,MARKET-SE-001,35.0,USD,35.0,each,Southeast,2025-11-07,,0.86,manual,False
BUI-0013,VENDOR-005,MARKET-WE-001,34.22,USD,34.22,each,West,2025-11-04,,0.83,api,True
BUI-0013,VENDOR-005,MARKET-NE-001,41.28,USD,41.28,each,Northeast,2025-11-25,,0.83,csv_import,False
BUI-0013,VENDOR-001,MARKET-WE-001,32.4,USD,32.4,each,West,2025-11-06,,0.86,api,False
BUI-0013,VENDOR-001,MARKET-NE-001,33.09,USD,33.09,each,Northeast,2025-11-17,,0.85,api,True
BUI-0013,VENDOR-002,MARKET-WE-001,38.98,USD,38.98,each,West,2025-11-14,,0.86,csv_import,True
BUI-0013,VENDOR-002,MARKET-SE-001,24.89,USD,24.89,each,Southeast,2025-11-12,,0.98,api,True
BUI-0013,VENDOR-002,MARKET-NE-001,29.08,USD,29.08,each,Northeast,2025-11-17,,0.96,manual,True
BUI-0013,VENDOR-003,MARKET-WE-001,39.85,USD,39.85,each,West,2025-11-26,,0.81,csv_import,True
BUI-0013,VENDOR-003,MARKET-NE-001,34.29,USD,34.29,each,Northeast,2025-11-16,,0.88,csv_import,True
BUI-0014,VENDOR-004,MARKET-WE-001,5.7,USD,5.7,each,West,2025-11-09,,0.94,csv_import,True
BUI-0014,VENDOR-004,MARKET-NE-001,6.79,USD,6.79,each,Northeast,2025-11-17,,0.87,manual,False
BUI-0014,VENDOR-005,MARKET-NE-001,8.66,USD,8.66,each,Northeast,2025-11-14,,0.86,manual,True
BUI-0014,VENDOR-003,MARKET-SE-001,7.34,USD,7.34,each,Southeast,2025-11-10,,0.99,manual,True
BUI-0015,VENDOR-003,MARKET-SE-001,6.71,USD,6.71,each,Southeast,2025-11-11,,0.89,manual,True
BUI-0015,VENDOR-004,MARKET-NE-001,11.94,USD,11.94,each,Northeast,2025-11-22,,0.89,api,True
BUI-0015,VENDOR-004,MARKET-SE-001,7.7,USD,7.7,each,Southeast,2025-11-18,,0.92,csv_import,False
BUI-0015,VENDOR-004,MARKET-WE-001,9.15,USD,9.15,each,West,2025-11-28,,0.92,api,False
BUI-0015,VENDOR-005,MARKET-SE-001,7.1,USD,7.1,each,Southeast,2025-11-14,,0.94,csv_import,True
BUI-0015,VENDOR-005,MARKET-NE-001,9.85,USD,9.85,each,Northeast,2025-11-02,,0.87,manual,True
BUI-0015,VENDOR-002,MARKET-SE-001,9.43,USD,9.43,each,Southeast,2025-11-15,,0.83,csv_import,True
BUI-0015,VENDOR-002,MARKET-WE-001,10.82,USD,10.82,each,West,2025-11-23,,0.92,manual,True
BUI-0015,VENDOR-002,MARKET-NE-001,11.15,USD,11.15,each,Northeast,2025-11-07,,0.8,csv_import,True
BUI-0015,VENDOR-001,MARKET-NE-001,9.32,USD,9.32,each,Northeast,2025-11-27,,0.94,csv_import,False
BUI-0015,VENDOR-001,MARKET-SE-001,8.04,USD,8.04,each,Southeast,2025-11-26,,0.99,csv_import,True
BUI-0015,VENDOR-001,MARKET-WE-001,10.02,USD,10.02,each,West,2025-11-07,,0.98,api,True
BUI-0016,VENDOR-003,MARKET-SE-001,8.39,USD,8.39,each,Southeast,2025-11-05,,0.81,manual,True
BUI-0016,VENDOR-003,MARKET-WE-001,9.6,USD,9.6,each,West,2025-11-01,,0.85,manual,True
BUI-0016,VENDOR-003,MARKET-NE-001,11.94,USD,11.94,each,Northeast,2025-11-28,,0.88,api,True
BUI-0016,VENDOR-004,MARKET-SE-001,10.34,USD,10.34,each,Southeast,2025-11-07,,0.91,api,True
BUI-0016,VENDOR-004,MARKET-NE-001,10.74,USD,10.74,each,Northeast,2025-11-25,,0.97,api,True
BUI-0016,VENDOR-001,MARKET-NE-001,13.81,USD,13.81,each,Northeast,2025-11-13,,0.79,manual,True
BUI-0016,VENDOR-005,MARKET-NE-001,10.87,USD,10.87,each,Northeast,2025-11-27,,0.99,csv_import,True
BUI-0016,VENDOR-005,MARKET-WE-001,11.83,USD,11.83,each,West,2025-11-26,,0.98,manual,True
BUI-0017,VENDOR-001,MARKET-SE-001,0.48,USD,0.48,each,Southeast,2025-11-07,,0.89,api,False
BUI-0017,VENDOR-001,MARKET-WE-001,1.09,USD,1.09,each,West,2025-11-24,,0.85,csv_import,False
BUI-0017,VENDOR-001,MARKET-NE-001,0.93,USD,0.93,each,Northeast,2025-11-02,,0.86,api,False
BUI-0017,VENDOR-003,MARKET-NE-001,1.08,USD,1.08,each,Northeast,2025-11-07,,0.89,manual,False
BUI-0017,VENDOR-003,MARKET-SE-001,0.82,USD,0.82,each,Southeast,2025-10-30,,0.91,csv_import,True
BUI-0017,VENDOR-005,MARKET-WE-001,0.96,USD,0.96,each,West,2025-11-28,,0.82,manual,False
BUI-0017,VENDOR-005,MARKET-SE-001,0.94,USD,0.94,each,Southeast,2025-11-12,,0.93,manual,True
BUI-0018,VENDOR-005,MARKET-WE-001,20.51,USD,20.51,each,West,2025-11-27,,0.89,api,True
BUI-0018,VENDOR-005,MARKET-NE-001,23.94,USD,23.94,each,Northeast,2025-11-15,,0.79,csv_import,True
BUI-0018,VENDOR-005,MARKET-SE-001,17.85,USD,17.85,each,Southeast,2025-11-20,,0.89,api,True
BUI-0018,VENDOR-004,MARKET-NE-001,18.39,USD,18.39,each,Northeast,2025-11-16,,0.76,csv_import,True
BUI-0018,VENDOR-004,MARKET-SE-001,15.53,USD,15.53,each,Southeast,2025-11-06,,0.95,manual,False
BUI-0018,VENDOR-003,MARKET-NE-001,21.51,USD,21.51,each,Northeast,2025-11-15,,0.99,api,True
BUI-0018,VENDOR-001,MARKET-NE-001,21.57,USD,21.57,each,Northeast,2025-11-22,,0.9,manual,True
BUI-0018,VENDOR-001,MARKET-SE-001,18.39,USD,18.39,each,Southeast,2025-11-10,,0.86,csv_import,True
BUI-0018,VENDOR-002,MARKET-WE-001,18.79,USD,18.79,each,West,2025-11-10,,0.88,manual,True
BUI-0018,VENDOR-002,MARKET-NE-001,25.13,USD,25.13,each,Northeast,2025-11-07,,0.86,manual,True
BUI-0018,VENDOR-002,MARKET-SE-001,18.8,USD,18.8,each,Southeast,2025-11-05,,0.86,api,False
BUI-0019,VENDOR-001,MARKET-NE-001,146.52,USD,146.52,each,Northeast,2025-11-12,,0.89,manual,True
BUI-0019,VENDOR-005,MARKET-WE-001,135.87,USD,135.87,each,West,2025-11-15,,0.8,api,False
BUI-0019,VENDOR-003,MARKET-NE-001,186.81,USD,186.81,each,Northeast,2025-11-24,,0.83,csv_import,True
BUI-0019,VENDOR-003,MARKET-SE-001,173.21,USD,173.21,each,Southeast,2025-11-11,,0.82,api,True
BUI-0019,VENDOR-002,MARKET-WE-001,161.28,USD,161.28,each,West,2025-11-09,,0.98,manual,True
BUI-0019,VENDOR-002,MARKET-NE-001,181.25,USD,181.25,each,Northeast,2025-11-11,,0.79,csv_import,False
BUI-0019,VENDOR-002,MARKET-SE-001,141.96,USD,141.96,each,Southeast,2025-11-05,,0.82,manual,False
BUI-0019,VENDOR-004,MARKET-NE-001,209.37,USD,209.37,each,Northeast,2025-11-02,,0.84,csv_import,False
BUI-0019,VENDOR-004,MARKET-SE-001,161.41,USD,161.41,each,Southeast,2025-11-25,,0.84,manual,True
BUI-0020,VENDOR-001,MARKET-WE-001,37.87,USD,37.87,each,West,2025-11-21,,0.91,api,True
BUI-0020,VENDOR-001,MARKET-NE-001,49.17,USD,49.17,each,Northeast,2025-11-28,,0.97,api,True
BUI-0020,VENDOR-001,MARKET-SE-001,40.74,USD,40.74,each,Southeast,2025-11-22,,0.86,api,True
BUI-0020,VENDOR-003,MARKET-NE-001,46.26,USD,46.26,each,Northeast,2025-11-10,,0.86,manual,True
BUI-0020,VENDOR-003,MARKET-SE-001,32.76,USD,32.76,each,Southeast,2025-11-13,,0.86,manual,True
BUI-0020,VENDOR-003,MARKET-WE-001,50.08,USD,50.08,each,West,2025-11-09,,0.83,api,True
BUI-0020,VENDOR-002,MARKET-WE-001,34.84,USD,34.84,each,West,2025-11-27,,0.89,manual,True
ELE-0021,VENDOR-002,MARKET-WE-001,119.52,USD,119.52,each,West,2025-11-19,,0.83,csv_import,True
ELE-0021,VENDOR-002,MARKET-NE-001,129.02,USD,129.02,each,Northeast,2025-11-03,,0.93,csv_import,False
ELE-0021,VENDOR-003,MARKET-WE-001,136.58,USD,136.58,each,West,2025-11-18,,0.98,manual,False
ELE-0021,VENDOR-003,MARKET-SE-001,121.15,USD,121.15,each,Southeast,2025-11-19,,0.76,api,True
ELE-0021,VENDOR-003,MARKET-NE-001,133.79,USD,133.79,each,Northeast,2025-11-20,,0.79,api,True
ELE-0021,VENDOR-001,MARKET-NE-001,121.94,USD,121.94,each,Northeast,2025-11-15,,0.88,api,False
ELE-0021,VENDOR-001,MARKET-SE-001,110.32,USD,110.32,each,Southeast,2025-11-07,,0.75,manual,True
ELE-0022,VENDOR-001,MARKET-NE-001,233.3,USD,233.3,each,Northeast,2025-11-24,,0.84,csv_import,False
ELE-0022,VENDOR-005,MARKET-SE-001,259.6,USD,259.6,each,Southeast,2025-11-19,,0.95,api,True
ELE-0022,VENDOR-005,MARKET-NE-001,320.6,USD,320.6,each,Northeast,2025-10-31,,0.85,csv_import,True
ELE-0022,VENDOR-003,MARKET-WE-001,193.52,USD,193.52,each,West,2025-11-13,,0.95,manual,True
ELE-0023,VENDOR-001,MARKET-NE-001,14.51,USD,14.51,each,Northeast,2025-11-15,,0.89,api,False
ELE-0023,VENDOR-001,MARKET-WE-001,14.61,USD,14.61,each,West,2025-11-04,,0.89,manual,True
ELE-0023,VENDOR-005,MARKET-SE-001,8.52,USD,8.52,each,Southeast,2025-11-24,,0.95,manual,True
ELE-0023,VENDOR-004,MARKET-SE-001,13.37,USD,13.37,each,Southeast,2025-10-31,,0.87,csv_import,False
ELE-0023,VENDOR-004,MARKET-NE-001,13.47,USD,13.47,each,Northeast,2025-11-08,,0.9,manual,True
ELE-0023,VENDOR-003,MARKET-SE-001,12.43,USD,12.43,each,Southeast,2025-11-12,,0.87,csv_import,True
ELE-0023,VENDOR-003,MARKET-NE-001,11.91,USD,11.91,each,Northeast,2025-11-16,,0.91,api,True
ELE-0023,VENDOR-002,MARKET-NE-001,9.57,USD,9.57,each,Northeast,2025-11-20,,0.94,api,True
ELE-0023,VENDOR-002,MARKET-WE-001,10.83,USD,10.83,each,West,2025-10-29,,0.98,csv_import,True
ELE-0024,VENDOR-001,MARKET-SE-001,11.91,USD,11.91,each,Southeast,2025-11-15,,0.77,manual,True
ELE-0024,VENDOR-001,MARKET-WE-001,21.6,USD,21.6,each,West,2025-11-11,,0.84,api,True
ELE-0024,VENDOR-002,MARKET-NE-001,15.51,USD,15.51,each,Northeast,2025-11-06,,0.87,api,False
ELE-0024,VENDOR-002,MARKET-WE-001,16.06,USD,16.06,each,West,2025-11-23,,0.77,csv_import,True
ELE-0024,VENDOR-002,MARKET-SE-001,18.51,USD,18.51,each,Southeast,2025-11-17,,0.8,api,False
ELE-0024,VENDOR-005,MARKET-SE-001,15.0,USD,15.0,each,Southeast,2025-11-23,,0.96,csv_import,True
ELE-0024,VENDOR-003,MARKET-WE-001,17.95,USD,17.95,each,West,2025-11-04,,0.86,api,True
ELE-0024,VENDOR-003,MARKET-NE-001,24.64,USD,24.64,each,Northeast,2025-11-20,,0.9,manual,True
ELE-0024,VENDOR-003,MARKET-SE-001,14.3,USD,14.3,each,Southeast,2025-11-23,,0.84,api,True
ELE-0025,VENDOR-005,MARKET-NE-001,2.7,USD,2.7,each,Northeast,2025-11-20,,0.77,csv_import,True
ELE-0025,VENDOR-005,MARKET-SE-001,1.67,USD,1.67,each,Southeast,2025-11-06,,0.91,manual,True
ELE-0025,VENDOR-005,MARKET-WE-001,2.5,USD,2.5,each,West,2025-11-17,,0.87,csv_import,True
ELE-0025,VENDOR-002,MARKET-SE-001,2.91,USD,2.91,each,Southeast,2025-11-17,,0.9,api,False
ELE-0025,VENDOR-002,MARKET-NE-001,2.38,USD,2.38,each,Northeast,2025-11-03,,0.91,api,True
ELE-0025,VENDOR-002,MARKET-WE-001,3.17,USD,3.17,each,West,2025-11-28,,0.93,csv_import,False
ELE-0025,VENDOR-003,MARKET-SE-001,1.93,USD,1.93,each,Southeast,2025-11-15,,0.89,manual,False
ELE-0026,VENDOR-004,MARKET-NE-001,1.4,USD,1.4,each,Northeast,2025-11-28,,0.77,manual,False
ELE-0026,VENDOR-004,MARKET-SE-001,1.56,USD,1.56,each,Southeast,2025-11-04,,0.88,csv_import,True
ELE-0026,VENDOR-005,MARKET-WE-001,1.78,USD,1.78,each,West,2025-11-23,,0.92,api,True
ELE-0026,VENDOR-005,MARKET-SE-001,2.26,USD,2.26,each,Southeast,2025-11-03,,0.97,manual,False
ELE-0026,VENDOR-003,MARKET-WE-001,1.49,USD,1.49,each,West,2025-11-28,,0.86,csv_import,True
ELE-0026,VENDOR-001,MARKET-WE-001,2.55,USD,2.55,each,West,2025-11-21,,0.9,api,True
ELE-0027,VENDOR-004,MARKET-SE-001,7.03,USD,7.03,each,Southeast,2025-10-31,,0.89,manual,False
ELE-0027,VENDOR-001,MARKET-NE-001,5.31,USD,5.31,each,Northeast,2025-11-13,,0.88,manual,True
ELE-0027,VENDOR-001,MARKET-SE-001,5.28,USD,5.28,each,Southeast,2025-11-01,,0.83,csv_import,True
ELE-0027,VENDOR-003,MARKET-WE-001,7.29,USD,7.29,each,West,2025-11-05,,0.82,api,True
ELE-0027,VENDOR-003,MARKET-SE-001,4.34,USD,4.34,each,Southeast,2025-11-17,,0.78,csv_import,True
ELE-0027,VENDOR-003,MARKET-NE-001,6.97,USD,6.97,each,Northeast,2025-11-27,,0.9,api,True
ELE-0027,VENDOR-005,MARKET-SE-001,4.78,USD,4.78,each,Southeast,2025-11-17,,0.76,csv_import,True
ELE-0027,VENDOR-005,MARKET-NE-001,6.66,USD,6.66,each,Northeast,2025-11-10,,0.98,manual,True
ELE-0028,VENDOR-004,MARKET-NE-001,9.48,USD,9.48,each,Northeast,2025-11-05,,0.82,csv_import,False
ELE-0028,VENDOR-004,MARKET-WE-001,7.45,USD,7.45,each,West,2025-11-16,,0.93,csv_import,True
ELE-0028,VENDOR-005,MARKET-WE-001,6.44,USD,6.44,each,West,2025-11-24,,0.99,manual,True
ELE-0028,VENDOR-003,MARKET-WE-001,7.76,USD,7.76,each,West,2025-11-11,,0.77,manual,True
ELE-0028,VENDOR-002,MARKET-NE-001,7.71,USD,7.71,each,Northeast,2025-10-31,,0.86,api,True
ELE-0028,VENDOR-002,MARKET-SE-001,6.2,USD,6.2,each,Southeast,2025-11-16,,0.92,manual,True
ELE-0029,VENDOR-002,MARKET-WE-001,3.31,USD,3.31,each,West,2025-11-15,,0.79,manual,False
ELE-0029,VENDOR-005,MARKET-SE-001,4.89,USD,4.89,each,Southeast,2025-11-27,,0.76,csv_import,True
ELE-0029,VENDOR-005,MARKET-NE-001,2.91,USD,2.91,each,Northeast,2025-11-05,,0.79,csv_import,True
ELE-0029,VENDOR-005,MARKET-WE-001,4.89,USD,4.89,each,West,2025-11-13,,0.78,manual,False
ELE-0029,VENDOR-001,MARKET-SE-001,2.23,USD,2.23,each,Southeast,2025-11-22,,0.77,manual,True
ELE-0029,VENDOR-001,MARKET-WE-001,4.78,USD,4.78,each,West,2025-11-12,,0.98,csv_import,True
ELE-0029,VENDOR-003,MARKET-NE-001,5.51,USD,5.51,each,Northeast,2025-11-10,,0.8,csv_import,True
ELE-0029,VENDOR-003,MARKET-SE-001,3.28,USD,3.28,each,Southeast,2025-11-07,,0.83,manual,False
ELE-0029,VENDOR-003,MARKET-WE-001,5.28,USD,5.28,each,West,2025-11-26,,0.91,api,False
ELE-0030,VENDOR-004,MARKET-NE-001,112.57,USD,112.57,each,Northeast,2025-11-02,,0.96,csv_import,False
ELE-0030,VENDOR-004,MARKET-SE-001,136.04,USD,136.04,each,Southeast,2025-11-18,,0.84,api,True
ELE-0030,VENDOR-001,MARKET-NE-001,148.68,USD,148.68,each,Northeast,2025-11-22,,0.81,manual,False
ELE-0030,VENDOR-001,MARKET-WE-001,93.21,USD,93.21,each,West,2025-10-31,,0.78,api,True
ELE-0030,VENDOR-001,MARKET-SE-001,100.43,USD,100.43,each,Southeast,2025-11-08,,0.95,csv_import,True
ELE-0030,VENDOR-005,MARKET-NE-001,128.36,USD,128.36,each,Northeast,2025-11-01,,0.77,csv_import,True
ELE-0030,VENDOR-005,MARKET-WE-001,103.54,USD,103.54,each,West,2025-11-22,,0.96,manual,True
ELE-0030,VENDOR-003,MARKET-NE-001,128.12,USD,128.12,each,Northeast,2025-11-18,,0.79,csv_import,True
ELE-0030,VENDOR-002,MARKET-WE-001,136.45,USD,136.45,each,West,2025-11-04,,0.77,api,False
ELE-0030,VENDOR-002,MARKET-NE-001,106.49,USD,106.49,each,Northeast,2025-11-09,,0.98,csv_import,True
ELE-0030,VENDOR-002,MARKET-SE-001,95.6,USD,95.6,each,Southeast,2025-11-05,,0.88,manual,True
PLU-0031,VENDOR-001,MARKET-SE-001,12.71,USD,12.71,each,Southeast,2025-11-05,,0.87,api,False
PLU-0031,VENDOR-001,MARKET-WE-001,12.48,USD,12.48,each,West,2025-11-26,,0.98,csv_import,True
PLU-0031,VENDOR-001,MARKET-NE-001,10.74,USD,10.74,each,Northeast,2025-11-16,,0.85,manual,True
PLU-0031,VENDOR-003,MARKET-NE-001,12.61,USD,12.61,each,Northeast,2025-11-04,,0.76,api,True
PLU-0031,VENDOR-003,MARKET-WE-001,11.28,USD,11.28,each,West,2025-11-20,,0.87,csv_import,True
PLU-0031,VENDOR-005,MARKET-NE-001,11.01,USD,11.01,each,Northeast,2025-11-14,,0.97,api,True
PLU-0031,VENDOR-005,MARKET-WE-001,11.75,USD,11.75,each,West,2025-11-24,,0.91,manual,False
PLU-0031,VENDOR-004,MARKET-SE-001,9.62,USD,9.62,each,Southeast,2025-11-01,,0.86,manual,False
PLU-0031,VENDOR-004,MARKET-NE-001,14.29,USD,14.29,each,Northeast,2025-11-03,,0.78,manual,False
PLU-0031,VENDOR-004,MARKET-WE-001,9.0,USD,9.0,each,West,2025-11-09,,0.88,manual,False
PLU-0032,VENDOR-002,MARKET-SE-001,34.74,USD,34.74,each,Southeast,2025-10-31,,0.81,manual,True
PLU-0032,VENDOR-003,MARKET-SE-001,26.05,USD,26.05,each,Southeast,2025-11-03,,0.84,csv_import,True
PLU-0032,VENDOR-003,MARKET-WE-001,43.85,USD,43.85,each,West,2025-11-01,,0.8,manual,False
PLU-0032,VENDOR-004,MARKET-NE-001,29.46,USD,29.46,each,Northeast,2025-11-27,,0.79,api,True
PLU-0032,VENDOR-001,MARKET-WE-001,32.94,USD,32.94,each,West,2025-11-21,,0.83,api,True
PLU-0032,VENDOR-001,MARKET-SE-001,26.41,USD,26.41,each,Southeast,2025-10-30,,0.79,manual,True
PLU-0032,VENDOR-001,MARKET-NE-001,43.35,USD,43.35,each,Northeast,2025-11-12,,0.96,csv_import,True
PLU-0033,VENDOR-004,MARKET-SE-001,43.32,USD,43.32,each,Southeast,2025-11-22,,0.94,manual,True
PLU-0033,VENDOR-004,MARKET-NE-001,56.69,USD,56.69,each,Northeast,2025-10-29,,0.97,api,False
PLU-0033,VENDOR-004,MARKET-WE-001,48.85,USD,48.85,each,West,2025-11-26,,0.75,csv_import,False
PLU-0033,VENDOR-001,MARKET-SE-001,40.04,USD,40.04,each,Southeast,2025-11-11,,0.87,api,True
PLU-0033,VENDOR-001,MARKET-WE-001,41.07,USD,41.07,each,West,2025-10-30,,0.97,manual,True
PLU-0033,VENDOR-001,MARKET-NE-001,61.43,USD,61.43,each,Northeast,2025-11-21,,0.77,api,True
PLU-0033,VENDOR-002,MARKET-SE-001,44.64,USD,44.64,each,Southeast,2025-11-05,,0.82,csv_import,True
PLU-0033,VENDOR-002,MARKET-NE-001,52.15,USD,52.15,each,Northeast,2025-11-08,,0.83,csv_import,False
PLU-0033,VENDOR-002,MARKET-WE-001,57.34,USD,57.34,each,West,2025-11-22,,0.89,api,False
PLU-0033,VENDOR-005,MARKET-SE-001,41.78,USD,41.78,each,Southeast,2025-11-28,,0.93,csv_import,True
PLU-0033,VENDOR-005,MARKET-WE-001,42.8,USD,42.8,each,West,2025-11-03,,0.94,csv_import,True
PLU-0033,VENDOR-003,MARKET-WE-001,56.47,USD,56.47,each,West,2025-10-31,,0.92,csv_import,True
PLU-0033,VENDOR-003,MARKET-NE-001,40.91,USD,40.91,each,Northeast,2025-11-24,,0.99,api,True
PLU-0033,VENDOR-003,MARKET-SE-001,50.59,USD,50.59,each,Southeast,2025-11-15,,0.81,csv_import,False
PLU-0034,VENDOR-001,MARKET-NE-001,156.55,USD,156.55,each,Northeast,2025-11-19,,0.9,manual,False
PLU-0034,VENDOR-005,MARKET-SE-001,185.17,USD,185.17,each,Southeast,2025-11-18,,0.86,api,False
PLU-0034,VENDOR-005,MARKET-NE-001,227.86,USD,227.86,each,Northeast,2025-11-01,,0.76,csv_import,False
PLU-0034,VENDOR-005,MARKET-WE-001,214.67,USD,214.67,each,West,2025-11-21,,0.84,api,True
PLU-0034,VENDOR-004,MARKET-NE-001,153.7,USD,153.7,each,Northeast,2025-11-06,,0.86,api,False
PLU-0034,VENDOR-004,MARKET-SE-001,158.15,USD,158.15,each,Southeast,2025-11-07,,0.87,manual,True
PLU-0035,VENDOR-003,MARKET-NE-001,150.53,USD,150.53,each,Northeast,2025-11-23,,0.75,csv_import,True
PLU-0035,VENDOR-003,MARKET-WE-001,118.06,USD,118.06,each,West,2025-11-13,,0.83,manual,True
PLU-0035,VENDOR-004,MARKET-SE-001,79.88,USD,79.88,each,Southeast,2025-10-29,,0.96,csv_import,False
PLU-0035,VENDOR-004,MARKET-NE-001,175.05,USD,175.05,each,Northeast,2025-11-22,,0.89,api,True
PLU-0035,VENDOR-001,MARKET-NE-001,142.65,USD,142.65,each,Northeast,2025-11-24,,0.94,manual,False
PLU-0036,VENDOR-005,MARKET-NE-001,84.58,USD,84.58,each,Northeast,2025-11-21,,0.92,manual,False
PLU-0036,VENDOR-004,MARKET-SE-001,110.49,USD,110.49,each,Southeast,2025-11-13,,0.88,api,True
PLU-0036,VENDOR-004,MARKET-NE-001,73.74,USD,73.74,each,Northeast,2025-11-05,,0.75,csv_import,False
PLU-0036,VENDOR-004,MARKET-WE-001,123.57,USD,123.57,each,West,2025-11-02,,0.83,api,True
PLU-0036,VENDOR-002,MARKET-NE-001,82.49,USD,82.49,each,Northeast,2025-11-02,,0.94,manual,True
PLU-0036,VENDOR-002,MARKET-WE-001,129.21,USD,129.21,each,West,2025-11-28,,0.91,manual,False
PLU-0037,VENDOR-003,MARKET-SE-001,609.19,USD,609.19,each,Southeast,2025-11-26,,0.97,csv_import,False
PLU-0037,VENDOR-003,MARKET-WE-001,639.09,USD,639.09,each,West,2025-11-07,,0.93,csv_import,False
PLU-0037,VENDOR-003,MARKET-NE-001,780.36,USD,780.36,each,Northeast,2025-11-28,,0.89,manual,False
PLU-0037,VENDOR-002,MARKET-SE-001,629.35,USD,629.35,each,Southeast,2025-11-21,,0.77,csv_import,True
PLU-0037,VENDOR-002,MARKET-NE-001,602.59,USD,602.59,each,Northeast,2025-10-31,,0.95,manual,True
PLU-0037,VENDOR-002,MARKET-WE-001,744.79,USD,744.79,each,West,2025-11-06,,0.8,manual,False
PLU-0037,VENDOR-001,MARKET-NE-001,535.05,USD,535.05,each,Northeast,2025-11-11,,0.98,csv_import,True
PLU-0037,VENDOR-001,MARKET-WE-001,611.72,USD,611.72,each,West,2025-11-01,,0.95,manual,True
PLU-0037,VENDOR-004,MARKET-NE-001,570.99,USD,570.99,each,Northeast,2025-11-07,,0.75,csv_import,True
PLU-0037,VENDOR-004,MARKET-WE-001,501.03,USD,501.03,each,West,2025-11-10,,0.79,api,True
PLU-0037,VENDOR-004,MARKET-SE-001,616.52,USD,616.52,each,Southeast,2025-11-17,,0.99,csv_import,True
PLU-0038,VENDOR-002,MARKET-SE-001,44.65,USD,44.65,each,Southeast,2025-11-20,,0.88,manual,True
PLU-0038,VENDOR-004,MARKET-SE-001,41.69,USD,41.69,each,Southeast,2025-11-15,,0.95,api,False
PLU-0038,VENDOR-004,MARKET-WE-001,42.46,USD,42.46,each,West,2025-11-24,,0.91,manual,True
PLU-0038,VENDOR-004,MARKET-NE-001,49.3,USD,49.3,each,Northeast,2025-11-18,,0.82,api,True
PLU-0038,VENDOR-001,MARKET-SE-001,68.59,USD,68.59,each,Southeast,2025-11-26,,0.91,api,True
PLU-0038,VENDOR-003,MARKET-NE-001,86.56,USD,86.56,each,Northeast,2025-11-12,,0.76,csv_import,True
PLU-0038,VENDOR-003,MARKET-SE-001,45.89,USD,45.89,each,Southeast,2025-10-30,,0.79,manual,True
PLU-0039,VENDOR-003,MARKET-WE-001,115.4,USD,115.4,each,West,2025-11-14,,0.85,manual,True
PLU-0039,VENDOR-004,MARKET-WE-001,145.87,USD,145.87,each,West,2025-11-26,,0.95,api,True
PLU-0039,VENDOR-004,MARKET-NE-001,208.54,USD,208.54,each,Northeast,2025-11-19,,0.99,api,False
PLU-0039,VENDOR-005,MARKET-NE-001,215.7,USD,215.7,each,Northeast,2025-11-02,,0.76,api,True
PLU-0039,VENDOR-005,MARKET-WE-001,160.13,USD,160.13,each,West,2025-11-18,,0.79,manual,False
PLU-0040,VENDOR-001,MARKET-WE-001,15.09,USD,15.09,each,West,2025-11-20,,0.9,manual,True
PLU-0040,VENDOR-001,MARKET-SE-001,8.09,USD,8.09,each,Southeast,2025-11-16,,0.89,api,True
PLU-0040,VENDOR-005,MARKET-NE-001,16.01,USD,16.01,each,Northeast,2025-11-18,,0.87,manual,True
PLU-0040,VENDOR-005,MARKET-SE-001,8.77,USD,8.77,each,Southeast,2025-11-17,,0.9,manual,True
PLU-0040,VENDOR-005,MARKET-WE-001,12.61,USD,12.61,each,West,2025-11-20,,0.81,manual,True
PLU-0040,VENDOR-002,MARKET-SE-001,10.37,USD,10.37,each,Southeast,2025-11-07,,0.82,csv_import,True
PLU-0040,VENDOR-002,MARKET-NE-001,15.84,USD,15.84,each,Northeast,2025-11-05,,0.78,manual,True
PLU-0040,VENDOR-003,MARKET-SE-001,11.18,USD,11.18,each,Southeast,2025-11-12,,0.8,csv_import,True
PLU-0040,VENDOR-003,MARKET-WE-001,15.57,USD,15.57,each,West,2025-11-24,,0.76,api,False
PLU-0040,VENDOR-004,MARKET-WE-001,15.08,USD,15.08,each,West,2025-11-16,,0.76,api,True
PLU-0040,VENDOR-004,MARKET-SE-001,8.56,USD,8.56,each,Southeast,2025-10-30,,0.86,csv_import,True
PLU-0040,VENDOR-004,MARKET-NE-001,12.06,USD,12.06,each,Northeast,2025-11-14,,0.85,api,True
HVA-0041,VENDOR-003,MARKET-NE-001,15.88,USD,15.88,each,Northeast,2025-11-03,,0.95,csv_import,True
HVA-0041,VENDOR-003,MARKET-SE-001,13.96,USD,13.96,each,Southeast,2025-11-10,,0.76,manual,True
HVA-0041,VENDOR-004,MARKET-NE-001,17.28,USD,17.28,each,Northeast,2025-11-06,,0.91,manual,False
HVA-0041,VENDOR-005,MARKET-NE-001,17.11,USD,17.11,each,Northeast,2025-10-29,,0.8,manual,True
HVA-0041,VENDOR-005,MARKET-SE-001,11.3,USD,11.3,each,Southeast,2025-11-18,,0.82,csv_import,True
HVA-0041,VENDOR-005,MARKET-WE-001,13.55,USD,13.55,each,West,2025-11-07,,0.91,manual,True
HVA-0042,VENDOR-001,MARKET-WE-001,24.33,USD,24.33,each,West,2025-11-08,,0.99,manual,True
HVA-0042,VENDOR-001,MARKET-SE-001,17.48,USD,17.48,each,Southeast,2025-11-28,,0.96,csv_import,False
HVA-0042,VENDOR-001,MARKET-NE-001,22.76,USD,22.76,each,Northeast,2025-10-30,,0.94,manual,True
HVA-0042,VENDOR-003,MARKET-WE-001,25.29,USD,25.29,each,West,2025-11-07,,0.81,csv_import,True
HVA-0042,VENDOR-003,MARKET-NE-001,26.39,USD,26.39,each,Northeast,2025-11-16,,0.95,csv_import,True
HVA-0042,VENDOR-004,MARKET-WE-001,23.55,USD,23.55,each,West,2025-11-27,,0.98,csv_import,True
HVA-0043,VENDOR-005,MARKET-SE-001,38.09,USD,38.09,each,Southeast,2025-11-23,,0.88,api,True
HVA-0043,VENDOR-002,MARKET-WE-001,48.46,USD,48.46,each,West,2025-11-25,,0.82,csv_import,True
HVA-0043,VENDOR-002,MARKET-NE-001,71.28,USD,71.28,each,Northeast,2025-11-01,,0.86,manual,True
HVA-0043,VENDOR-004,MARKET-NE-001,70.3,USD,70.3,each,Northeast,2025-11-10,,0.88,csv_import,False
HVA-0043,VENDOR-004,MARKET-SE-001,67.53,USD,67.53,each,Southeast,2025-11-04,,0.83,manual,True
HVA-0043,VENDOR-004,MARKET-WE-001,84.6,USD,84.6,each,West,2025-11-25,,0.92,api,True
HVA-0044,VENDOR-002,MARKET-SE-001,1810.81,USD,1810.81,each,Southeast,2025-11-22,,0.79,api,False
HVA-0044,VENDOR-002,MARKET-NE-001,1889.71,USD,1889.71,each,Northeast,2025-11-11,,0.98,csv_import,False
HVA-0044,VENDOR-003,MARKET-NE-001,2522.22,USD,2522.22,each,Northeast,2025-11-14,,0.8,manual,False
HVA-0044,VENDOR-003,MARKET-SE-001,1799.11,USD,1799.11,each,Southeast,2025-11-26,,0.83,api,False
HVA-0044,VENDOR-003,MARKET-WE-001,1854.55,USD,1854.55,each,West,2025-10-31,,0.95,csv_import,True
HVA-0044,VENDOR-004,MARKET-WE-001,1867.62,USD,1867.62,each,West,2025-11-02,,0.83,csv_import,True
HVA-0044,VENDOR-004,MARKET-SE-001,1415.62,USD,1415.62,each,Southeast,2025-11-27,,0.94,api,False
HVA-0044,VENDOR-001,MARKET-NE-001,2000.45,USD,2000.45,each,Northeast,2025-11-09,,0.92,api,True
HVA-0044,VENDOR-001,MARKET-WE-001,2126.1,USD,2126.1,each,West,2025-11-17,,0.76,api,True
HVA-0044,VENDOR-001,MARKET-SE-001,1677.36,USD,1677.36,each,Southeast,2025-11-20,,0.78,csv_import,True
HVA-0044,VENDOR-005,MARKET-SE-001,1387.49,USD,1387.49,each,Southeast,2025-10-29,,0.82,manual,False
HVA-0044,VENDOR-005,MARKET-WE-001,1950.93,USD,1950.93,each,West,2025-11-20,,0.78,api,True
HVA-0044,VENDOR-005,MARKET-NE-001,2062.66,USD,2062.66,each,Northeast,2025-11-23,,0.78,api,True
HVA-0045,VENDOR-005,MARKET-NE-001,95.1,USD,95.1,each,Northeast,2025-11-20,,0.97,csv_import,False
HVA-0045,VENDOR-005,MARKET-WE-001,53.56,USD,53.56,each,West,2025-11-01,,0.95,manual,True
HVA-0045,VENDOR-002,MARKET-WE-001,61.73,USD,61.73,each,West,2025-11-26,,0.81,api,True
HVA-0045,VENDOR-004,MARKET-SE-001,52.66,USD,52.66,each,Southeast,2025-11-25,,0.76,csv_import,True
HVA-0045,VENDOR-004,MARKET-WE-001,92.72,USD,92.72,each,West,2025-11-01,,0.77,api,False
HVA-0045,VENDOR-003,MARKET-WE-001,89.94,USD,89.94,each,West,2025-11-26,,0.86,manual,False
HVA-0046,VENDOR-001,MARKET-SE-001,9.41,USD,9.41,each,Southeast,2025-11-25,,0.86,csv_import,True
HVA-0046,VENDOR-001,MARKET-WE-001,14.41,USD,14.41,each,West,2025-11-20,,0.92,api,False
HVA-0046,VENDOR-003,MARKET-SE-001,12.26,USD,12.26,each,Southeast,2025-11-17,,0.76,manual,True
HVA-0046,VENDOR-003,MARKET-WE-001,15.35,USD,15.35,each,West,2025-11-13,,0.97,api,True
HVA-0046,VENDOR-003,MARKET-NE-001,12.22,USD,12.22,each,Northeast,2025-11-18,,0.83,manual,True
HVA-0046,VENDOR-002,MARKET-WE-001,13.3,USD,13.3,each,West,2025-11-17,,0.77,manual,True
HVA-0046,VENDOR-002,MARKET-NE-001,13.55,USD,13.55,each,Northeast,2025-11-18,,0.84,manual,True
HVA-0046,VENDOR-002,MARKET-SE-001,11.11,USD,11.11,each,Southeast,2025-11-27,,0.79,csv_import,True
HVA-0046,VENDOR-005,MARKET-NE-001,15.12,USD,15.12,each,Northeast,2025-11-08,,0.98,api,True
HVA-0046,VENDOR-004,MARKET-WE-001,14.49,USD,14.49,each,West,2025-11-12,,0.94,csv_import,False
HVA-0046,VENDOR-004,MARKET-SE-001,10.82,USD,10.82,each,Southeast,2025-11-13,,0.93,api,False
HVA-0046,VENDOR-004,MARKET-NE-001,12.8,USD,12.8,each,Northeast,2025-10-29,,0.95,manual,True
HVA-0047,VENDOR-003,MARKET-NE-001,12.46,USD,12.46,each,Northeast,2025-11-22,,0.9,csv_import,True
HVA-0047,VENDOR-003,MARKET-WE-001,8.37,USD,8.37,each,West,2025-11-01,,0.93,api,False
HVA-0047,VENDOR-002,MARKET-WE-001,9.7,USD,9.7,each,West,2025-11-01,,0.76,api,True
HVA-0047,VENDOR-002,MARKET-SE-001,10.69,USD,10.69,each,Southeast,2025-11-11,,0.78,manual,False
HVA-0047,VENDOR-005,MARKET-SE-001,6.54,USD,6.54,each,Southeast,2025-11-04,,0.92,api,True
HVA-0047,VENDOR-004,MARKET-WE-001,12.27,USD,12.27,each,West,2025-11-22,,0.96,csv_import,True
HVA-0047,VENDOR-001,MARKET-NE-001,9.58,USD,9.58,each,Northeast,2025-11-27,,0.85,manual,True
HVA-0047,VENDOR-001,MARKET-SE-001,8.7,USD,8.7,each,Southeast,2025-11-03,,0.92,api,True
HVA-0047,VENDOR-001,MARKET-WE-001,6.49,USD,6.49,each,West,2025-11-17,,0.9,csv_import,True
HVA-0048,VENDOR-004,MARKET-SE-001,1179.69,USD,1179.69,each,Southeast,2025-11-17,,0.92,manual,True
HVA-0048,VENDOR-004,MARKET-WE-001,1466.9,USD,1466.9,each,West,2025-11-08,,0.92,manual,True
HVA-0048,VENDOR-002,MARKET-NE-001,1334.16,USD,1334.16,each,Northeast,2025-11-09,,0.97,api,True
HVA-0048,VENDOR-005,MARKET-NE-001,1478.31,USD,1478.31,each,Northeast,2025-11-16,,0.89,manual,True
HVA-0048,VENDOR-005,MARKET-SE-001,1220.08,USD,1220.08,each,Southeast,2025-11-15,,0.82,csv_import,True
HVA-0048,VENDOR-005,MARKET-WE-001,1167.78,USD,1167.78,each,West,2025-11-02,,0.76,api,False
HVA-0048,VENDOR-003,MARKET-SE-001,1113.94,USD,1113.94,each,Southeast,2025-10-30,,0.92,csv_import,False
HVA-0049,VENDOR-001,MARKET-WE-001,128.24,USD,128.24,each,West,2025-11-20,,0.82,manual,False
HVA-0049,VENDOR-001,MARKET-SE-001,98.16,USD,98.16,each,Southeast,2025-11-23,,0.98,csv_import,True
HVA-0049,VENDOR-001,MARKET-NE-001,100.18,USD,100.18,each,Northeast,2025-11-04,,0.9,csv_import,True
HVA-0049,VENDOR-003,MARKET-WE-001,149.72,USD,149.72,each,West,2025-11-07,,0.86,manual,False
HVA-0049,VENDOR-003,MARKET-SE-001,136.82,USD,136.82,each,Southeast,2025-11-01,,0.84,csv_import,False
HVA-0049,VENDOR-003,MARKET-NE-001,107.03,USD,107.03,each,Northeast,2025-11-25,,0.81,csv_import,True
HVA-0049,VENDOR-002,MARKET-NE-001,101.78,USD,101.78,each,Northeast,2025-10-30,,0.94,manual,True
HVA-0049,VENDOR-005,MARKET-SE-001,83.52,USD,83.52,each,Southeast,2025-11-14,,0.8,api,True
HVA-0049,VENDOR-005,MARKET-WE-001,135.8,USD,135.8,each,West,2025-11-15,,0.88,api,True
HVA-0049,VENDOR-005,MARKET-NE-001,158.5,USD,158.5,each,Northeast,2025-11-08,,0.84,api,True
HVA-0049,VENDOR-004,MARKET-WE-001,95.09,USD,95.09,each,West,2025-11-05,,0.97,manual,True
HVA-0049,VENDOR-004,MARKET-SE-001,85.87,USD,85.87,each,Southeast,2025-11-26,,0.83,api,True
HVA-0049,VENDOR-004,MARKET-NE-001,127.57,USD,127.57,each,Northeast,2025-11-27,,0.87,csv_import,True
HVA-0050,VENDOR-004,MARKET-WE-001,36.58,USD,36.58,each,West,2025-11-28,,0.94,manual,False
HVA-0050,VENDOR-004,MARKET-NE-001,25.03,USD,25.03,each,Northeast,2025-11-22,,0.8,manual,True
HVA-0050,VENDOR-005,MARKET-NE-001,33.61,USD,33.61,each,Northeast,2025-11-21,,0.94,manual,True
HVA-0050,VENDOR-001,MARKET-WE-001,31.76,USD,31.76,each,West,2025-11-20,,0.83,api,False
HVA-0050,VENDOR-002,MARKET-SE-001,27.62,USD,27.62,each,Southeast,2025-11-05,,0.97,csv_import,True
HVA-0050,VENDOR-003,MARKET-SE-001,19.96,USD,19.96,each,Southeast,2025-11-15,,0.75,manual,True
HVA-0050,VENDOR-003,MARKET-WE-001,35.37,USD,35.37,each,West,2025-11-20,,0.95,csv_import,True
HVA-0050,VENDOR-003,MARKET-NE-001,26.13,USD,26.13,each,Northeast,2025-11-07,,0.9,csv_import,True
HAR-0051,VENDOR-004,MARKET-NE-001,32.7,USD,32.7,each,Northeast,2025-11-23,,0.95,csv_import,True
HAR-0051,VENDOR-004,MARKET-WE-001,32.66,USD,32.66,each,West,2025-11-27,,0.98,manual,True
HAR-0051,VENDOR-005,MARKET-WE-001,49.93,USD,49.93,each,West,2025-10-30,,0.75,manual,True
HAR-0051,VENDOR-003,MARKET-NE-001,53.65,USD,53.65,each,Northeast,2025-11-09,,0.8,manual,True
HAR-0051,VENDOR-003,MARKET-SE-001,26.43,USD,26.43,each,Southeast,2025-11-17,,0.95,api,False
HAR-0051,VENDOR-003,MARKET-WE-001,47.04,USD,47.04,each,West,2025-10-30,,0.95,manual,True
HAR-0051,VENDOR-001,MARKET-NE-001,35.08,USD,35.08,each,Northeast,2025-11-16,,0.87,csv_import,True
HAR-0051,VENDOR-001,MARKET-SE-001,38.92,USD,38.92,each,Southeast,2025-11-07,,0.9,api,True
HAR-0051,VENDOR-001,MARKET-WE-001,41.09,USD,41.09,each,West,2025-11-07,,0.92,api,True
HAR-0052,VENDOR-003,MARKET-NE-001,69.5,USD,69.5,each,Northeast,2025-11-06,,0.95,api,True
HAR-0052,VENDOR-003,MARKET-WE-001,48.18,USD,48.18,each,West,2025-11-12,,0.84,csv_import,True
HAR-0052,VENDOR-004,MARKET-NE-001,61.67,USD,61.67,each,Northeast,2025-11-06,,0.96,api,True
HAR-0052,VENDOR-001,MARKET-SE-001,58.15,USD,58.15,each,Southeast,2025-11-21,,0.77,api,True
HAR-0052,VENDOR-005,MARKET-NE-001,77.84,USD,77.84,each,Northeast,2025-11-15,,0.96,manual,True
HAR-0052,VENDOR-005,MARKET-SE-001,57.82,USD,57.82,each,Southeast,2025-11-05,,0.96,manual,True
HAR-0052,VENDOR-005,MARKET-WE-001,46.28,USD,46.28,each,West,2025-11-14,,0.77,csv_import,True
HAR-0053,VENDOR-002,MARKET-NE-001,8.71,USD,8.71,each,Northeast,2025-11-25,,0.98,manual,True
HAR-0053,VENDOR-005,MARKET-NE-001,9.66,USD,9.66,each,Northeast,2025-11-06,,0.84,api,True
HAR-0053,VENDOR-005,MARKET-WE-001,8.23,USD,8.23,each,West,2025-11-10,,0.86,csv_import,True
HAR-0053,VENDOR-003,MARKET-WE-001,6.81,USD,6.81,each,West,2025-11-14,,0.9,csv_import,True
HAR-0053,VENDOR-001,MARKET-WE-001,6.88,USD,6.88,each,West,2025-11-16,,0.91,api,True
HAR-0053,VENDOR-001,MARKET-NE-001,7.69,USD,7.69,each,Northeast,2025-11-14,,0.85,csv_import,True
HAR-0053,VENDOR-004,MARKET-WE-001,7.47,USD,7.47,each,West,2025-11-03,,0.81,manual,True
HAR-0053,VENDOR-004,MARKET-NE-001,5.9,USD,5.9,each,Northeast,2025-11-09,,0.89,api,True
HAR-0054,VENDOR-003,MARKET-NE-001,23.56,USD,23.56,each,Northeast,2025-11-05,,0.76,manual,True
HAR-0054,VENDOR-003,MARKET-WE-001,15.38,USD,15.38,each,West,2025-11-26,,0.89,api,False
HAR-0054,VENDOR-001,MARKET-WE-001,27.65,USD,27.65,each,West,2025-11-16,,0.9,manual,True
HAR-0054,VENDOR-002,MARKET-NE-001,22.14,USD,22.14,each,Northeast,2025-11-25,,0.87,api,True
HAR-0054,VENDOR-002,MARKET-WE-001,22.95,USD,22.95,each,West,2025-11-24,,0.93,manual,True
HAR-0054,VENDOR-005,MARKET-NE-001,28.35,USD,28.35,each,Northeast,2025-10-31,,0.81,csv_import,False
HAR-0054,VENDOR-005,MARKET-SE-001,11.81,USD,11.81,each,Southeast,2025-11-27,,0.87,csv_import,True
HAR-0055,VENDOR-001,MARKET-SE-001,12.1,USD,12.1,each,Southeast,2025-11-15,,0.95,manual,True
HAR-0055,VENDOR-002,MARKET-SE-001,11.73,USD,11.73,each,Southeast,2025-11-28,,0.94,csv_import,True
HAR-0055,VENDOR-002,MARKET-WE-001,15.56,USD,15.56,each,West,2025-11-24,,0.92,api,True
HAR-0055,VENDOR-002,MARKET-NE-001,10.01,USD,10.01,each,Northeast,2025-11-27,,0.96,csv_import,True
HAR-0055,VENDOR-004,MARKET-SE-001,6.01,USD,6.01,each,Southeast,2025-10-29,,0.89,api,True
HAR-0055,VENDOR-004,MARKET-WE-001,10.07,USD,10.07,each,West,2025-11-23,,0.83,csv_import,False
HAR-0055,VENDOR-004,MARKET-NE-001,11.61,USD,11.61,each,Northeast,2025-11-06,,0.96,csv_import,True
HAR-0055,VENDOR-005,MARKET-SE-001,9.71,USD,9.71,each,Southeast,2025-11-13,,0.79,manual,True
HAR-0055,VENDOR-005,MARKET-WE-001,9.02,USD,9.02,each,West,2025-11-09,,0.94,csv_import,True
HAR-0055,VENDOR-005,MARKET-NE-001,16.31,USD,16.31,each,Northeast,2025-11-21,,0.81,manual,True
HAR-0055,VENDOR-003,MARKET-NE-001,12.8,USD,12.8,each,Northeast,2025-11-23,,0.88,manual,True
HAR-0056,VENDOR-002,MARKET-NE-001,16.96,USD,16.96,each,Northeast,2025-11-17,,0.85,api,False
HAR-0056,VENDOR-004,MARKET-NE-001,16.99,USD,16.99,each,Northeast,2025-11-10,,0.9,manual,False
HAR-0056,VENDOR-004,MARKET-WE-001,16.54,USD,16.54,each,West,2025-11-22,,0.95,manual,True
HAR-0056,VENDOR-003,MARKET-NE-001,18.23,USD,18.23,each,Northeast,2025-11-14,,0.82,api,True
HAR-0057,VENDOR-005,MARKET-NE-001,21.84,USD,21.84,each,Northeast,2025-11-06,,0.94,csv_import,True
HAR-0057,VENDOR-005,MARKET-WE-001,15.09,USD,15.09,each,West,2025-10-29,,0.93,api,True
HAR-0057,VENDOR-002,MARKET-SE-001,18.39,USD,18.39,each,Southeast,2025-11-17,,0.98,csv_import,True
HAR-0057,VENDOR-002,MARKET-WE-001,17.05,USD,17.05,each,West,2025-11-11,,0.87,manual,False
HAR-0057,VENDOR-002,MARKET-NE-001,15.97,USD,15.97,each,Northeast,2025-11-23,,0.87,csv_import,True
HAR-0057,VENDOR-003,MARKET-SE-001,15.59,USD,15.59,each,Southeast,2025-11-22,,0.83,csv_import,True
HAR-0057,VENDOR-003,MARKET-WE-001,22.16,USD,22.16,each,West,2025-11-13,,0.78,api,True
HAR-0057,VENDOR-003,MARKET-NE-001,20.13,USD,20.13,each,Northeast,2025-11-20,,0.81,csv_import,True
HAR-0057,VENDOR-001,MARKET-WE-001,18.41,USD,18.41,each,West,2025-11-07,,0.77,manual,True
HAR-0057,VENDOR-001,MARKET-NE-001,15.77,USD,15.77,each,Northeast,2025-11-03,,0.86,csv_import,False
HAR-0057,VENDOR-004,MARKET-SE-001,13.9,USD,13.9,each,Southeast,2025-11-21,,0.81,csv_import,False
HAR-0057,VENDOR-004,MARKET-NE-001,13.59,USD,13.59,each,Northeast,2025-11-17,,0.84,api,False
HAR-0057,VENDOR-004,MARKET-WE-001,12.74,USD,12.74,each,West,2025-11-13,,0.9,manual,True
HAR-0058,VENDOR-003,MARKET-NE-001,19.25,USD,19.25,each,Northeast,2025-11-02,,0.76,csv_import,True
HAR-0058,VENDOR-003,MARKET-SE-001,16.79,USD,16.79,each,Southeast,2025-11-10,,0.96,api,True
HAR-0058,VENDOR-005,MARKET-WE-001,18.73,USD,18.73,each,West,2025-10-29,,0.75,api,True
HAR-0058,VENDOR-002,MARKET-SE-001,15.76,USD,15.76,each,Southeast,2025-11-03,,0.88,api,False
HAR-0058,VENDOR-004,MARKET-SE-001,15.77,USD,15.77,each,Southeast,2025-11-20,,0.93,csv_import,True
HAR-0058,VENDOR-004,MARKET-WE-001,15.84,USD,15.84,each,West,2025-11-02,,0.99,manual,False
HAR-0058,VENDOR-004,MARKET-NE-001,14.73,USD,14.73,each,Northeast,2025-11-05,,0.88,csv_import,False
HAR-0059,VENDOR-002,MARKET-NE-001,81.22,USD,81.22,each,Northeast,2025-11-15,,0.96,api,True
HAR-0059,VENDOR-002,MARKET-SE-001,61.53,USD,61.53,each,Southeast,2025-11-24,,0.81,manual,False
HAR-0059,VENDOR-004,MARKET-SE-001,52.85,USD,52.85,each,Southeast,2025-11-23,,0.81,api,True
HAR-0059,VENDOR-004,MARKET-WE-001,61.73,USD,61.73,each,West,2025-11-17,,0.8,manual,True
HAR-0059,VENDOR-004,MARKET-NE-001,76.24,USD,76.24,each,Northeast,2025-11-07,,0.84,manual,True
HAR-0059,VENDOR-001,MARKET-SE-001,61.95,USD,61.95,each,Southeast,2025-11-28,,0.78,api,True
HAR-0059,VENDOR-001,MARKET-NE-001,89.14,USD,89.14,each,Northeast,2025-11-17,,0.89,api,False
HAR-0059,VENDOR-001,MARKET-WE-001,58.57,USD,58.57,each,West,2025-11-18,,0.82,csv_import,True
HAR-0059,VENDOR-003,MARKET-SE-001,72.55,USD,72.55,each,Southeast,2025-11-21,,0.89,csv_import,True
HAR-0059,VENDOR-003,MARKET-WE-001,49.64,USD,49.64,each,West,2025-11-21,,0.81,csv_import,True
HAR-0059,VENDOR-005,MARKET-WE-001,49.46,USD,49.46,each,West,2025-10-31,,0.97,csv_import,True
HAR-0059,VENDOR-005,MARKET-NE-001,47.29,USD,47.29,each,Northeast,2025-11-22,,0.99,api,False
HAR-0059,VENDOR-005,MARKET-SE-001,45.44,USD,45.44,each,Southeast,2025-11-26,,0.84,api,False
HAR-0060,VENDOR-004,MARKET-NE-001,30.47,USD,30.47,each,Northeast,2025-11-08,,0.96,csv_import,True
HAR-0060,VENDOR-002,MARKET-SE-001,29.21,USD,29.21,each,Southeast,2025-11-03,,0.89,csv_import,True
HAR-0060,VENDOR-002,MARKET-WE-001,27.62,USD,27.62,each,West,2025-11-14,,0.9,manual,True
HAR-0060,VENDOR-002,MARKET-NE-001,23.71,USD,23.71,each,Northeast,2025-11-23,,0.77,csv_import,True
HAR-0060,VENDOR-001,MARKET-NE-001,17.75,USD,17.75,each,Northeast,2025-11-22,,0.95,csv_import,False
HAR-0060,VENDOR-001,MARKET-SE-001,22.74,USD,22.74,each,Southeast,2025-11-13,,0.98,csv_import,False
HAR-0060,VENDOR-003,MARKET-SE-001,26.15,USD,26.15,each,Southeast,2025-11-04,,0.85,manual,True
HAR-0060,VENDOR-003,MARKET-NE-001,22.49,USD,22.49,each,Northeast,2025-11-18,,0.84,csv_import,False
LUM-0061,VENDOR-004,MARKET-WE-001,7.39,USD,7.39,each,West,2025-11-06,,0.85,api,False
LUM-0061,VENDOR-004,MARKET-SE-001,5.06,USD,5.06,each,Southeast,2025-11-17,,0.86,manual,True
LUM-0061,VENDOR-004,MARKET-NE-001,5.2,USD,5.2,each,Northeast,2025-10-30,,0.98,api,False
LUM-0061,VENDOR-002,MARKET-SE-001,5.03,USD,5.03,each,Southeast,2025-11-21,,0.75,api,False
LUM-0061,VENDOR-003,MARKET-NE-001,6.87,USD,6.87,each,Northeast,2025-11-13,,0.99,csv_import,True
LUM-0061,VENDOR-003,MARKET-SE-001,3.77,USD,3.77,each,Southeast,2025-11-22,,0.98,api,False
LUM-0062,VENDOR-001,MARKET-SE-001,8.71,USD,8.71,each,Southeast,2025-11-05,,0.84,csv_import,False
LUM-0062,VENDOR-001,MARKET-NE-001,15.68,USD,15.68,each,Northeast,2025-11-21,,0.94,manual,True
LUM-0062,VENDOR-004,MARKET-SE-001,10.55,USD,10.55,each,Southeast,2025-11-27,,0.83,manual,True
LUM-0062,VENDOR-005,MARKET-WE-001,11.84,USD,11.84,each,West,2025-11-09,,0.96,manual,False
LUM-0062,VENDOR-005,MARKET-NE-001,10.3,USD,10.3,each,Northeast,2025-11-08,,0.75,csv_import,True
LUM-0062,VENDOR-005,MARKET-SE-001,9.67,USD,9.67,each,Southeast,2025-10-30,,0.89,manual,True
LUM-0062,VENDOR-003,MARKET-NE-001,11.08,USD,11.08,each,Northeast,2025-11-19,,0.9,manual,False
LUM-0062,VENDOR-003,MARKET-SE-001,9.34,USD,9.34,each,Southeast,2025-11-15,,0.94,api,True
LUM-0062,VENDOR-003,MARKET-WE-001,11.14,USD,11.14,each,West,2025-11-18,,0.93,csv_import,True
LUM-0063,VENDOR-004,MARKET-SE-001,18.47,USD,18.47,each,Southeast,2025-11-12,,0.88,manual,True
LUM-0063,VENDOR-003,MARKET-WE-001,14.77,USD,14.77,each,West,2025-11-21,,0.86,manual,True
LUM-0063,VENDOR-005,MARKET-NE-001,18.95,USD,18.95,each,Northeast,2025-11-15,,0.84,api,True
LUM-0063,VENDOR-005,MARKET-WE-001,18.45,USD,18.45,each,West,2025-11-26,,0.75,csv_import,True
LUM-0063,VENDOR-005,MARKET-SE-001,13.79,USD,13.79,each,Southeast,2025-11-19,,0.98,csv_import,False
LUM-0064,VENDOR-004,MARKET-WE-001,21.64,USD,21.64,each,West,2025-10-31,,0.76,api,False
LUM-0064,VENDOR-004,MARKET-SE-001,16.83,USD,16.83,each,Southeast,2025-11-04,,0.77,manual,True
LUM-0064,VENDOR-002,MARKET-WE-001,27.84,USD,27.84,each,West,2025-11-06,,0.76,api,True
LUM-0064,VENDOR-002,MARKET-SE-001,19.18,USD,19.18,each,Southeast,2025-11-04,,0.91,api,True
LUM-0064,VENDOR-003,MARKET-NE-001,33.75,USD,33.75,each,Northeast,2025-10-30,,0.95,csv_import,True
LUM-0064,VENDOR-003,MARKET-SE-001,26.96,USD,26.96,each,Southeast,2025-10-31,,0.98,manual,False
LUM-0064,VENDOR-003,MARKET-WE-001,29.93,USD,29.93,each,West,2025-11-04,,0.8,manual,False
LUM-0064,VENDOR-005,MARKET-NE-001,32.06,USD,32.06,each,Northeast,2025-11-19,,0.86,manual,True
LUM-0064,VENDOR-005,MARKET-SE-001,19.26,USD,19.26,each,Southeast,2025-11-15,,0.85,csv_import,True
LUM-0064,VENDOR-005,MARKET-WE-001,27.6,USD,27.6,each,West,2025-11-27,,0.83,csv_import,True
LUM-0064,VENDOR-001,MARKET-SE-001,25.97,USD,25.97,each,Southeast,2025-11-21,,0.83,api,True
LUM-0064,VENDOR-001,MARKET-WE-001,23.74,USD,23.74,each,West,2025-11-27,,0.93,csv_import,True
LUM-0065,VENDOR-004,MARKET-WE-001,3.6,USD,3.6,each,West,2025-11-07,,0.75,api,False
LUM-0065,VENDOR-004,MARKET-NE-001,3.18,USD,3.18,each,Northeast,2025-11-28,,0.92,csv_import,True
LUM-0065,VENDOR-001,MARKET-WE-001,2.27,USD,2.27,each,West,2025-11-02,,0.81,manual,False
LUM-0065,VENDOR-001,MARKET-NE-001,2.86,USD,2.86,each,Northeast,2025-11-16,,0.85,api,True
LUM-0065,VENDOR-001,MARKET-SE-001,3.45,USD,3.45,each,Southeast,2025-11-03,,0.87,manual,True
LUM-0065,VENDOR-003,MARKET-WE-001,3.45,USD,3.45,each,West,2025-11-23,,0.89,api,True
LUM-0065,VENDOR-005,MARKET-SE-001,2.86,USD,2.86,each,Southeast,2025-11-25,,0.93,manual,True
LUM-0065,VENDOR-005,MARKET-WE-001,3.35,USD,3.35,each,West,2025-11-22,,0.9,api,True
LUM-0066,VENDOR-003,MARKET-WE-001,7.25,USD,7.25,each,West,2025-11-10,,0.98,manual,True
LUM-0066,VENDOR-003,MARKET-NE-001,7.57,USD,7.57,each,Northeast,2025-11-23,,0.84,api,True
LUM-0066,VENDOR-003,MARKET-SE-001,8.81,USD,8.81,each,Southeast,2025-11-15,,0.85,api,True
LUM-0066,VENDOR-002,MARKET-WE-001,11.78,USD,11.78,each,West,2025-11-04,,0.87,manual,True
LUM-0066,VENDOR-002,MARKET-NE-001,11.63,USD,11.63,each,Northeast,2025-11-14,,0.81,api,False
LUM-0066,VENDOR-004,MARKET-SE-001,6.37,USD,6.37,each,Southeast,2025-11-09,,0.83,csv_import,True
LUM-0066,VENDOR-004,MARKET-NE-001,11.99,USD,11.99,each,Northeast,2025-11-03,,0.99,manual,True
LUM-0067,VENDOR-005,MARKET-NE-001,5.64,USD,5.64,each,Northeast,2025-11-21,,0.95,api,True
LUM-0067,VENDOR-002,MARKET-WE-001,6.76,USD,6.76,each,West,2025-11-24,,0.82,csv_import,True
LUM-0067,VENDOR-004,MARKET-SE-001,3.94,USD,3.94,each,Southeast,2025-11-04,,0.93,api,False
LUM-0067,VENDOR-001,MARKET-SE-001,5.01,USD,5.01,each,Southeast,2025-11-10,,0.89,manual,True
LUM-0067,VENDOR-001,MARKET-WE-001,3.97,USD,3.97,each,West,2025-11-04,,0.94,manual,False
LUM-0067,VENDOR-001,MARKET-NE-001,5.42,USD,5.42,each,Northeast,2025-10-31,,0.84,csv_import,True
LUM-0068,VENDOR-003,MARKET-SE-001,59.66,USD,59.66,each,Southeast,2025-11-26,,0.83,manual,True
LUM-0068,VENDOR-001,MARKET-NE-001,69.68,USD,69.68,each,Northeast,2025-11-27,,0.92,api,False
LUM-0068,VENDOR-004,MARKET-SE-001,52.37,USD,52.37,each,Southeast,2025-11-09,,0.91,csv_import,True
LUM-0068,VENDOR-004,MARKET-WE-001,61.72,USD,61.72,each,West,2025-11-14,,0.82,api,True
LUM-0068,VENDOR-004,MARKET-NE-001,87.46,USD,87.46,each,Northeast,2025-11-24,,0.99,manual,True
LUM-0068,VENDOR-002,MARKET-NE-001,63.61,USD,63.61,each,Northeast,2025-11-02,,0.77,csv_import,True
LUM-0068,VENDOR-005,MARKET-WE-001,55.7,USD,55.7,each,West,2025-11-07,,0.97,csv_import,True
LUM-0068,VENDOR-005,MARKET-NE-001,58.26,USD,58.26,each,Northeast,2025-11-16,,0.88,api,True
LUM-0068,VENDOR-005,MARKET-SE-001,53.7,USD,53.7,each,Southeast,2025-11-14,,0.97,csv_import,True
LUM-0069,VENDOR-005,MARKET-WE-001,5.28,USD,5.28,each,West,2025-11-03,,0.83,api,True
LUM-0069,VENDOR-002,MARKET-SE-001,3.89,USD,3.89,each,Southeast,2025-11-24,,0.96,manual,False
LUM-0069,VENDOR-002,MARKET-WE-001,5.66,USD,5.66,each,West,2025-11-03,,0.76,manual,True
LUM-0069,VENDOR-004,MARKET-WE-001,3.87,USD,3.87,each,West,2025-10-31,,0.92,csv_import,False
LUM-0069,VENDOR-004,MARKET-NE-001,6.44,USD,6.44,each,Northeast,2025-11-18,,0.84,csv_import,True
LUM-0069,VENDOR-004,MARKET-SE-001,3.16,USD,3.16,each,Southeast,2025-10-30,,0.85,api,True
LUM-0070,VENDOR-002,MARKET-SE-001,78.02,USD,78.02,each,Southeast,2025-11-08,,0.96,api,True
LUM-0070,VENDOR-005,MARKET-WE-001,84.72,USD,84.72,each,West,2025-11-08,,0.84,manual,True
LUM-0070,VENDOR-001,MARKET-WE-001,79.74,USD,79.74,each,West,2025-10-30,,0.96,api,True
LUM-0070,VENDOR-001,MARKET-NE-001,80.4,USD,80.4,each,Northeast,2025-11-15,,0.84,manual,True
LUM-0070,VENDOR-001,MARKET-SE-001,58.07,USD,58.07,each,Southeast,2025-11-26,,0.82,csv_import,True
LUM-0070,VENDOR-003,MARKET-SE-001,76.77,USD,76.77,each,Southeast,2025-11-12,,0.95,csv_import,False
LUM-0070,VENDOR-003,MARKET-NE-001,78.38,USD,78.38,each,Northeast,2025-11-16,,0.98,manual,True
PAI-0071,VENDOR-004,MARKET-SE-001,44.33,USD,44.33,each,Southeast,2025-11-04,,0.96,api,False
PAI-0071,VENDOR-003,MARKET-WE-001,36.99,USD,36.99,each,West,2025-11-18,,0.84,manual,True
PAI-0071,VENDOR-003,MARKET-NE-001,59.65,USD,59.65,each,Northeast,2025-11-17,,0.98,csv_import,True
PAI-0071,VENDOR-003,MARKET-SE-001,28.72,USD,28.72,each,Southeast,2025-11-08,,0.89,manual,True
PAI-0071,VENDOR-002,MARKET-NE-001,41.33,USD,41.33,each,Northeast,2025-11-11,,0.82,manual,True
PAI-0071,VENDOR-001,MARKET-SE-001,30.26,USD,30.26,each,Southeast,2025-11-04,,0.75,csv_import,False
PAI-0071,VENDOR-001,MARKET-NE-001,49.53,USD,49.53,each,Northeast,2025-11-23,,0.75,csv_import,False
PAI-0072,VENDOR-004,MARKET-WE-001,66.68,USD,66.68,each,West,2025-11-18,,0.88,api,False
PAI-0072,VENDOR-004,MARKET-NE-001,46.95,USD,46.95,each,Northeast,2025-10-30,,0.78,api,True
PAI-0072,VENDOR-004,MARKET-SE-001,56.49,USD,56.49,each,Southeast,2025-11-27,,0.77,api,True
PAI-0072,VENDOR-005,MARKET-NE-001,65.3,USD,65.3,each,Northeast,2025-11-20,,0.92,manual,True
PAI-0072,VENDOR-002,MARKET-SE-001,54.43,USD,54.43,each,Southeast,2025-10-30,,0.77,csv_import,True
PAI-0072,VENDOR-003,MARKET-NE-001,66.46,USD,66.46,each,Northeast,2025-11-13,,0.78,manual,True
PAI-0072,VENDOR-003,MARKET-SE-001,42.79,USD,42.79,each,Southeast,2025-11-04,,0.92,manual,False
PAI-0072,VENDOR-001,MARKET-WE-001,64.18,USD,64.18,each,West,2025-11-23,,0.99,csv_import,True
PAI-0072,VENDOR-001,MARKET-NE-001,68.37,USD,68.37,each,Northeast,2025-11-16,,0.99,csv_import,True
PAI-0072,VENDOR-001,MARKET-SE-001,51.49,USD,51.49,each,Southeast,2025-11-21,,0.9,csv_import,True
PAI-0073,VENDOR-002,MARKET-SE-001,29.81,USD,29.81,each,Southeast,2025-11-25,,0.8,manual,True
PAI-0073,VENDOR-003,MARKET-NE-001,32.74,USD,32.74,each,Northeast,2025-11-04,,0.75,api,True
PAI-0073,VENDOR-003,MARKET-SE-001,22.85,USD,22.85,each,Southeast,2025-11-07,,0.87,csv_import,True
PAI-0073,VENDOR-001,MARKET-WE-001,29.38,USD,29.38,each,West,2025-11-16,,0.9,api,True
PAI-0073,VENDOR-004,MARKET-SE-001,37.28,USD,37.28,each,Southeast,2025-11-13,,0.97,api,True
PAI-0073,VENDOR-005,MARKET-NE-001,44.38,USD,44.38,each,Northeast,2025-11-08,,0.86,csv_import,True
PAI-0073,VENDOR-005,MARKET-SE-001,20.42,USD,20.42,each,Southeast,2025-11-16,,0.92,csv_import,True
PAI-0074,VENDOR-002,MARKET-NE-001,21.07,USD,21.07,each,Northeast,2025-11-10,,0.9,api,True
PAI-0074,VENDOR-003,MARKET-NE-001,33.7,USD,33.7,each,Northeast,2025-11-20,,0.96,manual,False
PAI-0074,VENDOR-003,MARKET-WE-001,23.67,USD,23.67,each,West,2025-11-05,,0.84,csv_import,False
PAI-0074,VENDOR-005,MARKET-NE-001,22.64,USD,22.64,each,Northeast,2025-11-04,,0.97,csv_import,True
PAI-0074,VENDOR-005,MARKET-WE-001,31.69,USD,31.69,each,West,2025-11-02,,0.8,csv_import,True
PAI-0075,VENDOR-003,MARKET-WE-001,11.49,USD,11.49,each,West,2025-11-25,,0.88,api,True
PAI-0075,VENDOR-005,MARKET-WE-001,23.6,USD,23.6,each,West,2025-11-08,,0.86,api,False
PAI-0075,VENDOR-001,MARKET-WE-001,18.45,USD,18.45,each,West,2025-11-26,,0.8,api,False
PAI-0075,VENDOR-001,MARKET-SE-001,12.55,USD,12.55,each,Southeast,2025-11-12,,0.91,csv_import,False
PAI-0075,VENDOR-001,MARKET-NE-001,14.54,USD,14.54,each,Northeast,2025-11-17,,0.88,api,False
PAI-0075,VENDOR-004,MARKET-WE-001,15.64,USD,15.64,each,West,2025-11-23,,0.82,api,False
PAI-0075,VENDOR-004,MARKET-SE-001,13.91,USD,13.91,each,Southeast,2025-11-15,,0.86,api,False
PAI-0075,VENDOR-002,MARKET-NE-001,12.31,USD,12.31,each,Northeast,2025-11-03,,0.92,manual,True
PAI-0075,VENDOR-002,MARKET-WE-001,20.27,USD,20.27,each,West,2025-11-09,,0.82,api,True
PAI-0075,VENDOR-002,MARKET-SE-001,17.48,USD,17.48,each,Southeast,2025-11-27,,0.93,csv_import,True
PAI-0076,VENDOR-004,MARKET-WE-001,11.53,USD,11.53,each,West,2025-11-02,,0.96,manual,False
PAI-0076,VENDOR-004,MARKET-SE-001,8.24,USD,8.24,each,Southeast,2025-11-27,,0.91,csv_import,True
PAI-0076,VENDOR-001,MARKET-NE-001,11.22,USD,11.22,each,Northeast,2025-11-12,,0.95,csv_import,True
PAI-0076,VENDOR-002,MARKET-WE-001,10.61,USD,10.61,each,West,2025-11-01,,0.83,manual,False
PAI-0076,VENDOR-002,MARKET-NE-001,9.78,USD,9.78,each,Northeast,2025-11-16,,0.85,manual,False
PAI-0076,VENDOR-002,MARKET-SE-001,7.0,USD,7.0,each,Southeast,2025-10-31,,0.83,manual,True
PAI-0077,VENDOR-005,MARKET-WE-001,11.15,USD,11.15,each,West,2025-11-20,,0.89,csv_import,False
PAI-0077,VENDOR-003,MARKET-SE-001,9.94,USD,9.94,each,Southeast,2025-11-28,,0.85,manual,False
PAI-0077,VENDOR-003,MARKET-WE-001,12.36,USD,12.36,each,West,2025-11-10,,0.83,manual,True
PAI-0077,VENDOR-003,MARKET-NE-001,6.84,USD,6.84,each,Northeast,2025-11-26,,0.89,manual,True
PAI-0077,VENDOR-004,MARKET-WE-001,6.78,USD,6.78,each,West,2025-11-10,,0.9,csv_import,False
PAI-0077,VENDOR-001,MARKET-SE-001,11.64,USD,11.64,each,Southeast,2025-11-20,,0.99,csv_import,True
PAI-0077,VENDOR-001,MARKET-WE-001,10.28,USD,10.28,each,West,2025-11-14,,0.85,api,True
PAI-0077,VENDOR-001,MARKET-NE-001,6.67,USD,6.67,each,Northeast,2025-11-28,,0.76,manual,True
PAI-0078,VENDOR-001,MARKET-WE-001,16.34,USD,16.34,each,West,2025-11-10,,0.84,manual,False
PAI-0078,VENDOR-001,MARKET-SE-001,8.95,USD,8.95,each,Southeast,2025-11-15,,0.84,csv_import,True
PAI-0078,VENDOR-003,MARKET-SE-001,17.71,USD,17.71,each,Southeast,2025-11-02,,0.75,manual,False
PAI-0078,VENDOR-005,MARKET-SE-001,8.69,USD,8.69,each,Southeast,2025-11-11,,0.96,manual,True
PAI-0078,VENDOR-005,MARKET-WE-001,13.12,USD,13.12,each,West,2025-11-14,,0.85,csv_import,True
PAI-0078,VENDOR-005,MARKET-NE-001,11.86,USD,11.86,each,Northeast,2025-10-29,,0.89,manual,False
PAI-0078,VENDOR-004,MARKET-SE-001,7.56,USD,7.56,each,Southeast,2025-11-13,,0.92,api,True
PAI-0078,VENDOR-004,MARKET-WE-001,18.61,USD,18.61,each,West,2025-11-21,,0.93,csv_import,True
PAI-0078,VENDOR-004,MARKET-NE-001,10.76,USD,10.76,each,Northeast,2025-10-31,,0.81,manual,True
PAI-0079,VENDOR-001,MARKET-NE-001,10.55,USD,10.55,each,Northeast,2025-11-21,,0.83,csv_import,True
PAI-0079,VENDOR-001,MARKET-SE-001,10.12,USD,10.12,each,Southeast,2025-10-30,,0.92,manual,True
PAI-0079,VENDOR-001,MARKET-WE-001,11.66,USD,11.66,each,West,2025-10-30,,0.9,manual,False
PAI-0079,VENDOR-003,MARKET-WE-001,13.86,USD,13.86,each,West,2025-11-17,,0.76,csv_import,False
PAI-0079,VENDOR-004,MARKET-NE-001,7.71,USD,7.71,each,Northeast,2025-11-25,,0.81,manual,False
PAI-0079,VENDOR-004,MARKET-SE-001,6.88,USD,6.88,each,Southeast,2025-11-02,,0.91,csv_import,True
PAI-0079,VENDOR-004,MARKET-WE-001,8.67,USD,8.67,each,West,2025-11-13,,0.79,manual,True
PAI-0079,VENDOR-005,MARKET-NE-001,11.63,USD,11.63,each,Northeast,2025-11-24,,0.87,csv_import,True
PAI-0079,VENDOR-005,MARKET-WE-001,8.23,USD,8.23,each,West,2025-11-18,,0.79,manual,True
PAI-0079,VENDOR-002,MARKET-NE-001,11.69,USD,11.69,each,Northeast,2025-11-03,,0.86,csv_import,True
PAI-0079,VENDOR-002,MARKET-SE-001,10.43,USD,10.43,each,Southeast,2025-11-15,,0.81,manual,True
PAI-0080,VENDOR-003,MARKET-SE-001,9.23,USD,9.23,each,Southeast,2025-11-19,,0.83,manual,True
PAI-0080,VENDOR-002,MARKET-NE-001,11.39,USD,11.39,each,Northeast,2025-11-28,,0.95,manual,True
PAI-0080,VENDOR-005,MARKET-SE-001,5.79,USD,5.79,each,Southeast,2025-11-18,,0.89,csv_import,True
PAI-0080,VENDOR-005,MARKET-WE-001,10.06,USD,10.06,each,West,2025-11-16,,0.93,manual,True
PAI-0080,VENDOR-004,MARKET-NE-001,10.18,USD,10.18,each,Northeast,2025-10-29,,0.85,manual,False
PAI-0080,VENDOR-004,MARKET-SE-001,6.72,USD,6.72,each,Southeast,2025-11-07,,0.81,api,False
PAI-0080,VENDOR-004,MARKET-WE-001,6.44,USD,6.44,each,West,2025-11-19,,0.96,api,True
TOO-0081,VENDOR-001,MARKET-WE-001,168.3,USD,168.3,each,West,2025-11-12,,0.91,api,True
TOO-0081,VENDOR-001,MARKET-NE-001,197.08,USD,197.08,each,Northeast,2025-11-11,,0.92,manual,True
TOO-0081,VENDOR-001,MARKET-SE-001,116.12,USD,116.12,each,Southeast,2025-10-31,,0.82,api,True
TOO-0081,VENDOR-005,MARKET-NE-001,199.75,USD,199.75,each,Northeast,2025-11-12,,0.77,api,True
TOO-0081,VENDOR-005,MARKET-SE-001,110.08,USD,110.08,each,Southeast,2025-11-02,,0.88,csv_import,False
TOO-0081,VENDOR-004,MARKET-NE-001,119.46,USD,119.46,each,Northeast,2025-11-16,,0.92,csv_import,False
TOO-0081,VENDOR-004,MARKET-SE-001,137.46,USD,137.46,each,Southeast,2025-10-29,,0.97,manual,True
TOO-0081,VENDOR-004,MARKET-WE-001,122.46,USD,122.46,each,West,2025-11-10,,0.89,manual,True
TOO-0081,VENDOR-003,MARKET-SE-001,131.3,USD,131.3,each,Southeast,2025-11-23,,0.94,manual,False
TOO-0081,VENDOR-003,MARKET-WE-001,149.53,USD,149.53,each,West,2025-11-22,,0.87,manual,True
TOO-0081,VENDOR-002,MARKET-SE-001,129.49,USD,129.49,each,Southeast,2025-11-28,,0.91,csv_import,True
TOO-0081,VENDOR-002,MARKET-WE-001,186.87,USD,186.87,each,West,2025-11-12,,0.93,csv_import,True
TOO-0082,VENDOR-005,MARKET-NE-001,227.53,USD,227.53,each,Northeast,2025-11-09,,0.87,manual,True
TOO-0082,VENDOR-005,MARKET-SE-001,122.58,USD,122.58,each,Southeast,2025-10-29,,0.92,manual,False
TOO-0082,VENDOR-005,MARKET-WE-001,175.03,USD,175.03,each,West,2025-11-18,,0.82,manual,True
TOO-0082,VENDOR-001,MARKET-NE-001,168.18,USD,168.18,each,Northeast,2025-11-21,,0.76,api,False
TOO-0082,VENDOR-001,MARKET-WE-001,192.95,USD,192.95,each,West,2025-11-28,,0.91,manual,False
TOO-0082,VENDOR-002,MARKET-NE-001,208.45,USD,208.45,each,Northeast,2025-10-29,,0.86,manual,False
TOO-0082,VENDOR-002,MARKET-WE-001,187.32,USD,187.32,each,West,2025-11-03,,0.9,csv_import,True
TOO-0082,VENDOR-002,MARKET-SE-001,124.97,USD,124.97,each,Southeast,2025-11-24,,0.89,api,False
TOO-0083,VENDOR-005,MARKET-WE-001,31.37,USD,31.37,each,West,2025-11-16,,0.88,csv_import,True
TOO-0083,VENDOR-005,MARKET-SE-001,35.75,USD,35.75,each,Southeast,2025-11-16,,0.79,api,False
TOO-0083,VENDOR-002,MARKET-SE-001,22.15,USD,22.15,each,Southeast,2025-11-03,,0.86,manual,False
TOO-0083,VENDOR-001,MARKET-WE-001,37.29,USD,37.29,each,West,2025-10-29,,0.96,api,False
TOO-0083,VENDOR-003,MARKET-NE-001,40.32,USD,40.32,each,Northeast,2025-11-07,,0.85,csv_import,True
TOO-0083,VENDOR-004,MARKET-NE-001,38.39,USD,38.39,each,Northeast,2025-11-11,,0.81,api,True
TOO-0084,VENDOR-005,MARKET-WE-001,23.32,USD,23.32,each,West,2025-11-09,,0.85,manual,False
TOO-0084,VENDOR-005,MARKET-NE-001,15.85,USD,15.85,each,Northeast,2025-11-01,,0.9,manual,True
TOO-0084,VENDOR-002,MARKET-WE-001,16.73,USD,16.73,each,West,2025-11-23,,0.79,csv_import,True
TOO-0084,VENDOR-002,MARKET-NE-001,17.32,USD,17.32,each,Northeast,2025-10-30,,0.9,csv_import,False
TOO-0084,VENDOR-003,MARKET-SE-001,12.49,USD,12.49,each,Southeast,2025-11-27,,0.88,api,True
TOO-0084,VENDOR-003,MARKET-WE-001,19.43,USD,19.43,each,West,2025-11-26,,0.81,csv_import,True
TOO-0085,VENDOR-004,MARKET-NE-001,44.05,USD,44.05,each,Northeast,2025-11-21,,0.85,api,True
TOO-0085,VENDOR-002,MARKET-NE-001,51.41,USD,51.41,each,Northeast,2025-11-26,,0.85,api,True
TOO-0085,VENDOR-003,MARKET-NE-001,47.84,USD,47.84,each,Northeast,2025-11-04,,0.9,csv_import,False
TOO-0085,VENDOR-003,MARKET-SE-001,33.41,USD,33.41,each,Southeast,2025-10-30,,0.82,api,True
TOO-0085,VENDOR-005,MARKET-SE-001,49.1,USD,49.1,each,Southeast,2025-11-07,,0.89,manual,True
TOO-0085,VENDOR-005,MARKET-NE-001,67.4,USD,67.4,each,Northeast,2025-11-15,,0.96,api,True
TOO-0086,VENDOR-004,MARKET-NE-001,33.57,USD,33.57,each,Northeast,2025-11-08,,0.85,api,True
TOO-0086,VENDOR-004,MARKET-SE-001,24.71,USD,24.71,each,Southeast,2025-11-16,,0.97,csv_import,True
TOO-0086,VENDOR-002,MARKET-SE-001,28.62,USD,28.62,each,Southeast,2025-11-11,,0.88,csv_import,True
TOO-0086,VENDOR-003,MARKET-NE-001,23.3,USD,23.3,each,Northeast,2025-10-29,,0.92,csv_import,True
TOO-0086,VENDOR-003,MARKET-SE-001,16.58,USD,16.58,each,Southeast,2025-11-18,,0.99,api,True
TOO-0086,VENDOR-003,MARKET-WE-001,24.17,USD,24.17,each,West,2025-11-25,,0.89,manual,False
TOO-0086,VENDOR-005,MARKET-SE-001,30.94,USD,30.94,each,Southeast,2025-11-23,,0.96,manual,True
TOO-0086,VENDOR-005,MARKET-NE-001,33.79,USD,33.79,each,Northeast,2025-10-31,,0.84,manual,True
TOO-0086,VENDOR-001,MARKET-SE-001,22.01,USD,22.01,each,Southeast,2025-11-28,,0.9,manual,True
TOO-0087,VENDOR-001,MARKET-NE-001,34.37,USD,34.37,each,Northeast,2025-10-30,,0.84,api,True
TOO-0087,VENDOR-003,MARKET-NE-001,50.24,USD,50.24,each,Northeast,2025-11-01,,0.91,manual,True
TOO-0087,VENDOR-003,MARKET-WE-001,40.79,USD,40.79,each,West,2025-11-04,,0.93,api,True
TOO-0087,VENDOR-003,MARKET-SE-001,40.95,USD,40.95,each,Southeast,2025-11-11,,0.82,api,True
TOO-0087,VENDOR-004,MARKET-SE-001,30.74,USD,30.74,each,Southeast,2025-11-24,,0.88,csv_import,True
TOO-0087,VENDOR-004,MARKET-NE-001,34.84,USD,34.84,each,Northeast,2025-11-20,,0.94,api,False
TOO-0087,VENDOR-005,MARKET-NE-001,33.32,USD,33.32,each,Northeast,2025-11-28,,0.98,api,False
TOO-0087,VENDOR-005,MARKET-WE-001,24.31,USD,24.31,each,West,2025-11-02,,0.96,manual,True
TOO-0087,VENDOR-002,MARKET-SE-001,30.01,USD,30.01,each,Southeast,2025-11-27,,0.78,csv_import,True
TOO-0088,VENDOR-001,MARKET-WE-001,79.74,USD,79.74,each,West,2025-11-08,,0.91,csv_import,True
TOO-0088,VENDOR-003,MARKET-WE-001,58.73,USD,58.73,each,West,2025-11-23,,0.82,csv_import,False
TOO-0088,VENDOR-003,MARKET-SE-001,54.97,USD,54.97,each,Southeast,2025-11-25,,0.76,csv_import,False
TOO-0088,VENDOR-003,MARKET-NE-001,104.05,USD,104.05,each,Northeast,2025-11-03,,0.92,csv_import,False
TOO-0088,VENDOR-005,MARKET-WE-001,85.11,USD,85.11,each,West,2025-11-02,,0.79,api,False
TOO-0088,VENDOR-004,MARKET-WE-001,68.12,USD,68.12,each,West,2025-11-04,,0.88,api,True
TOO-0088,VENDOR-004,MARKET-NE-001,99.09,USD,99.09,each,Northeast,2025-11-12,,0.88,api,True
TOO-0088,VENDOR-002,MARKET-NE-001,70.3,USD,70.3,each,Northeast,2025-11-02,,0.98,csv_import,False
TOO-0089,VENDOR-005,MARKET-WE-001,14.93,USD,14.93,each,West,2025-11-27,,0.86,manual,False
TOO-0089,VENDOR-005,MARKET-NE-001,10.75,USD,10.75,each,Northeast,2025-11-19,,0.88,csv_import,False
TOO-0089,VENDOR-003,MARKET-NE-001,6.52,USD,6.52,each,Northeast,2025-11-18,,0.8,manual,False
TOO-0089,VENDOR-003,MARKET-SE-001,13.45,USD,13.45,each,Southeast,2025-10-29,,0.77,csv_import,True
TOO-0089,VENDOR-003,MARKET-WE-001,17.27,USD,17.27,each,West,2025-11-10,,0.8,csv_import,True
TOO-0089,VENDOR-004,MARKET-NE-001,7.91,USD,7.91,each,Northeast,2025-11-09,,0.84,api,False
TOO-0089,VENDOR-004,MARKET-SE-001,8.71,USD,8.71,each,Southeast,2025-11-25,,0.88,api,True
TOO-0089,VENDOR-004,MARKET-WE-001,11.21,USD,11.21,each,West,2025-11-23,,0.86,api,True
TOO-0089,VENDOR-002,MARKET-WE-001,7.22,USD,7.22,each,West,2025-10-31,,0.78,csv_import,True
TOO-0089,VENDOR-002,MARKET-SE-001,14.01,USD,14.01,each,Southeast,2025-10-31,,0.97,manual,True
TOO-0089,VENDOR-001,MARKET-NE-001,11.18,USD,11.18,each,Northeast,2025-11-11,,0.79,csv_import,True
TOO-0090,VENDOR-002,MARKET-WE-001,9.89,USD,9.89,each,West,2025-11-24,,0.89,csv_import,True
TOO-0090,VENDOR-002,MARKET-SE-001,12.28,USD,12.28,each,Southeast,2025-10-29,,0.79,csv_import,True
TOO-0090,VENDOR-005,MARKET-SE-001,12.53,USD,12.53,each,Southeast,2025-11-20,,0.9,api,False
TOO-0090,VENDOR-005,MARKET-NE-001,14.06,USD,14.06,each,Northeast,2025-10-31,,0.89,csv_import,True
TOO-0090,VENDOR-005,MARKET-WE-001,17.29,USD,17.29,each,West,2025-11-18,,0.91,manual,True
TOO-0090,VENDOR-004,MARKET-WE-001,19.38,USD,19.38,each,West,2025-10-30,,0.79,csv_import,True
TOO-0090,VENDOR-004,MARKET-NE-001,10.75,USD,10.75,each,Northeast,2025-11-06,,0.84,manual,True
